index,Intercept,Slope,Curvature,Lambda,Residuals
2010-01-10,0.05391322808455588,-0.05369443449140269,-0.05189085903421994,1.4566500075265294,5.387364064014364e-07
2010-01-17,0.053011269312941596,-0.05260487613270454,-0.052050139766960095,1.5095326918308916,5.933890648869796e-07
2010-01-24,0.05210416274670079,-0.05168963661535644,-0.052078085632839735,1.5136946392484751,5.812632339980132e-07
2010-01-31,0.05291658172955741,-0.05240772047367715,-0.05250606408933779,1.5684902478985885,6.671549292396727e-07
2010-02-07,0.054764395524883616,-0.05411601438829472,-0.05298595759517792,1.7543969312337993,9.055903750047758e-07
2010-02-14,0.0549261421988092,-0.05429571740747623,-0.05223849823076328,1.6814530816474538,6.97622155084015e-07
2010-02-21,0.05442660004377892,-0.05372749417078847,-0.05097006361588018,1.5705870093918286,6.572266978163462e-07
2010-02-28,0.05301915227671442,-0.05181943238495362,-0.053922755135838475,1.587747558094572,5.93736866989974e-07
2010-03-07,0.05423806985317709,-0.053108430555593944,-0.05123402549631805,1.6623374047355701,3.5689196249398415e-07
2010-03-14,0.053658713707765954,-0.052620515893852034,-0.04868292009087014,1.6295054280201497,4.5794019913515365e-07
2010-03-21,0.05180934094330267,-0.05053368351514242,-0.048320348258279015,1.4954712075599677,3.084712154931368e-07
2010-03-28,0.053962468883825616,-0.05287318997578566,-0.05041061539359191,1.4807213343252306,3.7878370187982015e-07
2010-04-04,0.054870695563142224,-0.05351570019305053,-0.051512446000584855,1.4511018353954184,3.644298676405117e-07
2010-04-11,0.05366644229306161,-0.05219940807014401,-0.05157879052459027,1.4135853725870309,1.3827342100688204e-07
2010-04-18,0.053695899338235466,-0.052248821297626945,-0.05171388023280436,1.523992743344412,1.877859081181846e-07
2010-04-25,0.052832416500886006,-0.05157003606548915,-0.048759620452595326,1.4378710722876873,2.9673835846882063e-07
2010-05-02,0.05256510950629658,-0.05119461407825407,-0.04947551730792341,1.557548330644175,2.1688375995701943e-07
2010-05-09,0.05219724621192812,-0.05136606879045133,-0.04623954551033336,1.8227955005509868,2.956067548371752e-07
2010-05-16,0.05127064401048952,-0.04965563707051809,-0.051475660873680995,1.6676751764713507,2.9195616197002703e-07
2010-05-23,0.047913959230510964,-0.04615601861914352,-0.04732289403212387,1.7016976495838907,3.057186163486023e-07
2010-05-30,0.048838473878453005,-0.047224508278006234,-0.048947342783019286,1.641185850113622,1.4705454931367856e-07
2010-06-06,0.049105004245643055,-0.047808717775013734,-0.04679039348182456,1.8143090490346239,3.908424351665074e-07
2010-06-13,0.048870295945911905,-0.048438602728184434,-0.04460178892730426,1.7811963818907706,2.045533254105159e-07
2010-06-20,0.04877494588689193,-0.048108334858458585,-0.04587901979155607,1.7425688802430301,4.733346314916898e-07
2010-06-27,0.04934288781619158,-0.0483762987944647,-0.04725927044814006,1.9025904177844928,1.0688598034589193e-06
2010-07-04,0.046781987367481445,-0.044979378345703,-0.04779836282898447,1.8165567720428597,3.348448695084601e-07
2010-07-11,0.04807653142509847,-0.04629895352906839,-0.050162486659264316,1.805179680969862,4.104300324046715e-07
2010-07-18,0.04934079410527659,-0.04785443176176015,-0.048750987059000515,2.0834713565516205,3.903634134713878e-07
2010-07-25,0.049573699922080876,-0.04785472516637338,-0.05134790913998202,1.9768185333186457,5.211358229379861e-07
2010-08-01,0.053345320640761286,-0.05179031450917496,-0.0527836969234855,2.3784299590043885,7.512937341888506e-07
2010-08-08,0.05312523398204751,-0.05151464021045911,-0.05438189283666342,2.4163815445781096,6.306320602131657e-07
2010-08-15,0.04855084842547827,-0.047121357911660555,-0.04623993919332637,2.4429659820261787,1.972462109723451e-07
2010-08-22,0.04513418644208709,-0.04347335693885237,-0.04645739799716722,2.155839246967631,4.063243458074753e-07
2010-08-29,0.046093140306187316,-0.044507871551145654,-0.04482703435826677,2.2563023919638074,2.9813416887633294e-07
2010-09-05,0.04790438994557181,-0.046353710964455425,-0.04822599950664609,2.257642437056901,4.4265630149472473e-07
2010-09-12,0.04851868939072835,-0.04731606443928326,-0.045792086906725864,2.256216318564172,5.917373510686845e-07
2010-09-19,0.051322542528119554,-0.04972735422789852,-0.0520913142661126,2.439639223462157,1.0054604865147681e-06
2010-09-26,0.0511007469437645,-0.049728345657088634,-0.050612419987688693,2.629395902358012,1.1166125327429146e-06
2010-10-03,0.05319075806512586,-0.05147819423845518,-0.054162370455700486,2.8514483040231524,7.431933520700072e-07
2010-10-10,0.05540292989793178,-0.05392628698646268,-0.05762642469499371,3.130924622688046,6.608048709226893e-07
2010-10-17,0.05884609235671239,-0.057257792042769914,-0.06134100735404704,3.08709921302717,5.875935805381814e-07
2010-10-24,0.060348782354323706,-0.05874973144329885,-0.0642374426193002,3.1206695188946374,1.1984128484674583e-06
2010-10-31,0.06286593585975335,-0.06124832977262528,-0.06767656600420793,3.181601751662919,1.4633541674442613e-06
2010-11-07,0.07575910787269395,-0.07433915008607782,-0.07600824505335527,4.1316300195767255,8.179652898071946e-07
2010-11-14,0.06947833348156059,-0.06842790818608348,-0.060192545428341536,3.9241057911738633,2.102285856435359e-07
2010-11-21,0.05455636078159926,-0.053158671420260796,-0.05349680657419749,2.548526507672119,6.632139508885359e-07
2010-11-28,0.05355766318419083,-0.05178210721767605,-0.05451840564596271,2.446258381691155,6.9723275535239e-07
2010-12-05,0.05438220826634062,-0.05267956662167459,-0.05805236081212491,2.2365453549485266,1.0468847490173245e-06
2010-12-12,0.05353250942333074,-0.05224583809325038,-0.05487692699496706,1.906491047987395,1.121849223974159e-06
2010-12-19,0.05512194448331961,-0.05411876733509702,-0.05523266482414541,2.0123892160770147,1.993047332954722e-06
2010-12-26,0.05363373082305559,-0.05237269690411749,-0.05494553088494603,1.8177875863350912,1.4434581860020242e-06
2011-01-02,0.05256525322475029,-0.05130527955629568,-0.054900031536730454,1.8353996102777794,2.0375513320830455e-06
2011-01-09,0.05417879855251504,-0.0525667152844867,-0.057634921099639004,1.8990208952286938,7.558250267482617e-07
2011-01-16,0.0547144149018727,-0.05298252665521998,-0.05901954178552724,1.9174093017256637,5.113225178454102e-07
2011-01-23,0.054882997544528724,-0.05299318615183592,-0.06012294134898904,1.820514713905984,6.47030324641812e-07
2011-01-30,0.05537044450190444,-0.053616824686951815,-0.06188501457285626,1.905588881119757,5.67089428920197e-07
2011-02-06,0.05613566150121711,-0.05459509962355122,-0.058575537191603425,1.7151163149756588,3.0346371009584305e-07
2011-02-13,0.05197289024970537,-0.05088745936955015,-0.05384551170158748,1.4878681584575626,2.0868599088871984e-07
2011-02-20,0.05233325697987007,-0.051285871361398956,-0.05494609951440014,1.5457274661737928,1.7659469817038257e-07
2011-02-27,0.05045861671206358,-0.04897135456256947,-0.054604533916325276,1.567194967641594,1.82293062997352e-07
2011-03-06,0.05241181850965005,-0.05095654357530106,-0.057276449569914054,1.6147979210255863,3.23801479131468e-07
2011-03-13,0.05292568579377575,-0.05219393403134737,-0.05453315532998106,1.7823340761338509,3.910376103480643e-07
2011-03-20,0.05184653716505029,-0.05104300399151433,-0.053468626717363785,1.8386588900620136,3.5441646386103615e-07
2011-03-27,0.051779154101628214,-0.051166711827917814,-0.04936707217849897,1.7107216427373624,5.33961821187927e-07
2011-04-03,0.050157520368250885,-0.04965077846074424,-0.04979525368842462,1.5618111362635363,3.819579022527986e-07
2011-04-10,0.052185158991812655,-0.05196155654791345,-0.05129633507682599,1.580915705931315,2.3439696079004766e-07
2011-04-17,0.05141476893736163,-0.05080215246878012,-0.05266690077343571,1.662313317740279,1.7788611972249239e-07
2011-04-24,0.051487170388734654,-0.050913944489671875,-0.053612712667154006,1.660615092585751,3.42159478603787e-07
2011-05-01,0.05352221654184557,-0.053125873689994975,-0.054086938306072654,1.915012438780513,6.666770206569792e-07
2011-05-08,0.05127761084030571,-0.051004838651319995,-0.05294222101488323,1.88769550614649,3.1116233361324855e-07
2011-05-15,0.051565050710286206,-0.05131277041394999,-0.05229376516130382,1.9343148949411266,3.3830245035747114e-07
2011-05-22,0.05166869407579452,-0.05112293783685418,-0.05377554707647722,1.9490936633507554,5.054102483817002e-07
2011-05-29,0.05304226765165512,-0.0523567402048653,-0.0560297072914454,2.106745029784555,8.701662797604017e-07
2011-06-05,0.054294674295847604,-0.05367234174052747,-0.057076774644521155,2.280245579656273,7.226509562613003e-07
2011-06-12,0.05576315651021213,-0.055161542573920384,-0.0584302924545825,2.365474119599879,1.3557217273361532e-06
2011-06-19,0.05544874063979811,-0.05485364264676665,-0.058907022271226725,2.3831335015196653,1.2841122964492746e-06
2011-06-26,0.059932770324032984,-0.05952697675822314,-0.06310700429933928,2.71553146661679,1.7642582567794882e-06
2011-07-03,0.05566967019427204,-0.055291811598619456,-0.057677107716029616,2.114922665617528,1.4656404793574557e-06
2011-07-10,0.05649349915779183,-0.05594520301699053,-0.06058118984749365,2.3270556330172707,1.220362415065473e-06
2011-07-17,0.05844312210480097,-0.05804814372126787,-0.0620246001175711,2.554686476291818,1.1482495342755635e-06
2011-07-24,0.05783355983685358,-0.05708364357732594,-0.061442077625547695,2.4677636760290027,1.6203829297621581e-06
2011-07-31,0.05817697337111207,-0.05644740199254241,-0.06591163434915155,2.5972561286375524,1.8643288038332944e-06
2011-08-07,0.0531683428063903,-0.05277730541549603,-0.058207952453143225,2.6152506916594955,1.265083604082819e-06
2011-08-14,0.05616301986643974,-0.05566085310652332,-0.06153355472189653,3.259681562697727,1.7244884721952691e-06
2011-08-21,0.05222554664976685,-0.051943884752769794,-0.05506389178225311,3.3755071896229665,7.225517078636266e-07
2011-08-28,0.05427738181659966,-0.054025194636762586,-0.05871085995132441,3.246658411350952,9.925229111090165e-07
2011-09-04,0.04966242539671099,-0.04925297723745696,-0.05326747497048597,3.2491403976477504,7.629581281936832e-07
2011-09-11,0.05090990493096723,-0.05063106132107354,-0.053645638203673185,3.523294846496032,9.912927773108747e-07
2011-09-18,0.045653316092974475,-0.04527971796179168,-0.05155538917417114,2.7618991747803134,1.131892314092538e-06
2011-09-25,0.03874134180418361,-0.03861423425390474,-0.0399893513783187,2.7894973919089066,5.56095749761634e-07
2011-10-02,0.03894162946572058,-0.038603094361376544,-0.0400613615423534,2.6755801038108586,6.315513699265059e-07
2011-10-09,0.03951100095579499,-0.039316641687983114,-0.040921030529552205,2.401371944450597,4.922704466392057e-07
2011-10-16,0.04411118472423009,-0.043700492013222465,-0.047366482310974414,2.4739796823822613,6.719331968890589e-07
2011-10-23,0.04646321585078758,-0.04618291594238722,-0.04795399854633896,2.753011386351716,9.363840963424352e-07
2011-10-30,0.04819661461082535,-0.047861117199008894,-0.050515583951439576,2.6906572726686853,7.874031361325235e-07
2011-11-06,0.05239817359852342,-0.0521915284790391,-0.053850942448833025,3.45750365291055,7.040157029804126e-07
2011-11-13,0.04956503468091558,-0.04938737649049552,-0.050574351520831416,3.3118286398901056,5.941152663415606e-07
2011-11-20,0.045005416096712776,-0.04484107263843448,-0.04411835429295083,3.102099373731554,7.115578801555996e-07
2011-11-27,0.04436019064091625,-0.04405673359932829,-0.04384568130677529,3.110146572415187,8.471479886332855e-07
2011-12-04,0.047946862263461267,-0.04758917194016885,-0.049418094580599425,3.155453829619382,9.64742505772498e-07
2011-12-11,0.051518131180291284,-0.05128616991304414,-0.05324314214937644,3.3596443448714406,1.0322304631763395e-06
2011-12-18,0.049335632747229095,-0.04927893245692045,-0.047683685696329706,3.763013794851263,7.635598987309452e-07
2011-12-25,0.04459029191515447,-0.04452174770156321,-0.043254567479961335,3.053584187023821,4.408486793497261e-07
2012-01-01,0.04840482820949742,-0.048151316342805894,-0.04765587276744498,3.593906205971868,8.464175625844084e-07
2012-01-08,0.05171736233523119,-0.05147721068148995,-0.05057349205484728,3.6902254665350918,4.992566532894684e-07
2012-01-15,0.05162023931525879,-0.05127152381800809,-0.051839570651606916,3.790071595795119,6.715051999818234e-07
2012-01-22,0.04910037634311154,-0.04854604679120798,-0.051227738012046296,3.225358845937467,8.296426136429104e-07
2012-01-29,0.05931682889459508,-0.05859651642831859,-0.06194791272300353,4.134409500165405,7.844418094353992e-07
2012-02-05,0.058680240500733304,-0.057768742115729944,-0.06178660841661209,4.000201717761058,9.627781475520524e-07
2012-02-12,0.05848454335912836,-0.057602181836005475,-0.058960229430179686,4.150769058916114,1.067196849254398e-06
2012-02-19,0.05574633032507359,-0.054975462097764,-0.05371742014349518,3.9976831205838943,1.202992685333033e-06
2012-02-26,0.05250886205369179,-0.05149299988251532,-0.05122455278302842,3.8065508115282087,6.583618403592846e-07
2012-03-04,0.059437099222029534,-0.058659176859015304,-0.057659349770140665,4.287400992407737,6.889411856256576e-07
2012-03-11,0.060167068375630524,-0.05937020113601376,-0.05565197099671608,4.402731608177875,5.477162564471726e-07
2012-03-18,0.05173250979558695,-0.050840002239845646,-0.04912426303828085,3.210326840841747,5.932364673755526e-07
2012-03-25,0.05026518143017623,-0.049487965441630054,-0.04750230887491658,3.205309134432059,6.040452055896381e-07
2012-04-01,0.055324227215842826,-0.05457533410014185,-0.05247896137136854,3.597664231879808,8.790999031446958e-07
2012-04-08,0.0670853593347465,-0.0663304993249852,-0.06191076460541823,4.832758721961276,6.497539645284651e-07
2012-04-15,0.06011990445142893,-0.05918097926221256,-0.059490533415619475,4.215213823518635,5.266062296680741e-07
2012-04-22,0.05952447502657064,-0.05875979293116151,-0.057047608666794244,4.3352250489430215,9.641204185589744e-07
2012-04-29,0.06084217603835055,-0.05984698944994741,-0.060284273977187094,4.3892388946431655,8.00902692761681e-07
2012-05-06,0.06460451361222891,-0.06377832500768028,-0.06262734106413988,4.837455734059963,9.651118754917465e-07
2012-05-13,0.0617891029641076,-0.06072630483094696,-0.061019689471607935,4.747710486091697,8.396940257969822e-07
2012-05-20,0.051363674961778516,-0.050510974254155405,-0.04584587060594972,4.693625765642878,7.599920888713022e-07
2012-05-27,0.054774348571997505,-0.05384811855026808,-0.05045449904101583,4.759799573318935,5.094414280876028e-07
2012-06-03,0.04603705832376935,-0.04532849756041042,-0.042679046541062034,4.79050675422135,9.487805388369628e-07
2012-06-10,0.052938098250258005,-0.052111805469245515,-0.048291989131277725,4.922123996890974,7.365180446713952e-07
2012-06-17,0.050525157924787074,-0.04961926743732821,-0.046783358691025796,4.802390185646689,8.512168168905659e-07
2012-06-24,0.05230153153889343,-0.05148468119024601,-0.045893784326923454,4.885213640731846,5.409733331248425e-07
2012-07-01,0.05064919943929519,-0.04976451460406709,-0.045031305394229726,4.793025538564899,1.3690190729466013e-06
2012-07-08,0.0513988579724265,-0.05044318608428445,-0.04834628177022454,4.938010932691111,1.113916271139287e-06
2012-07-15,0.050833199686341236,-0.04971590360208946,-0.049176044143262515,4.902915174556149,6.876534049823685e-07
2012-07-22,0.05221649361161522,-0.05115915731104866,-0.052641095039237085,4.909308461097457,6.879562480994203e-07
2012-07-29,0.0537270897884794,-0.052631669556934116,-0.05250953016812727,4.89955646506193,5.317897989302494e-07
2012-08-05,0.05343704669612472,-0.052617144631977884,-0.0511449916204579,4.863108713601289,8.545753671449526e-07
2012-08-12,0.05301189633564298,-0.051909138778546526,-0.051185507525182125,4.682974587603526,2.953339213502164e-07
2012-08-19,0.051449748073783705,-0.05046174934721991,-0.04848305877877789,4.212177982093796,4.5920123281201735e-07
2012-08-26,0.05205485016845196,-0.05096579338822748,-0.050208011480770184,4.529651487355196,3.905772860521991e-07
2012-09-02,0.056692689911706756,-0.055550117827541545,-0.058351335076669945,4.923819258074401,6.00928773931979e-07
2012-09-09,0.05753910088496496,-0.05631449190596992,-0.05869717467564865,4.772232497721132,7.160642427633437e-07
2012-09-16,0.06499342711980974,-0.06383099471072276,-0.06620957827153885,4.76306119981868,8.431824559941075e-07
2012-09-23,0.060083383167915706,-0.05901422375341511,-0.059918998270742596,4.810726079969702,1.13813904677146e-06
2012-09-30,0.0581040982389807,-0.05699864793523169,-0.05969646825225661,4.843908062501501,9.563304353240151e-07
2012-10-07,0.06220721865460698,-0.06092184019259354,-0.0634048584306262,4.917150619979181,7.160627965376689e-07
2012-10-14,0.0577736331325339,-0.0564377268599032,-0.0587414868628872,4.77422292317298,4.911448876723061e-07
2012-10-21,0.05718386417602622,-0.05608541565567143,-0.0543268097011416,4.714364015532256,2.335843501619478e-07
2012-10-28,0.05591748785789863,-0.05464221718998245,-0.05414080786670851,4.589480606638687,2.3393562706273114e-07
2012-11-04,0.057137380110015124,-0.05609946247842921,-0.05495375462622009,4.774487480943293,5.916207580429786e-07
2012-11-11,0.055028824990057165,-0.053776237177577145,-0.0546254264277162,4.885194423440097,5.202083509261413e-07
2012-11-18,0.05448942512877049,-0.05360985177395819,-0.05373103045168749,4.920550226914831,7.287176242100566e-07
2012-11-25,0.05534822092920234,-0.05397887004660104,-0.05528463107414597,4.641995672845044,5.561781987900849e-07
2012-12-02,0.055662762205046415,-0.054515799523181314,-0.05632508427946505,4.816313477846257,8.388162446796821e-07
2012-12-09,0.055364067464880505,-0.054321176896464825,-0.05556022470607403,4.781445396295202,1.0705978425443478e-06
2012-12-16,0.055173164506328004,-0.054768052268101004,-0.05257516432248203,4.656831092435348,6.229151664306972e-07
2012-12-23,0.0579901403545592,-0.05744732822803161,-0.05360810738367845,4.8745785116839135,6.107436934618457e-07
2012-12-30,0.05450584841194578,-0.05425813494041187,-0.049444727956969615,4.7802970227582495,1.0461835560474583e-06
2013-01-06,0.057668561532924593,-0.05693739943825326,-0.05574890732986935,4.310495112998931,3.041774369172098e-07
2013-01-13,0.06180319010996622,-0.06116038686370656,-0.05978127800852831,4.672595157803358,4.849088921902143e-07
2013-01-20,0.06187773559294887,-0.06120239491397658,-0.05956660267446792,4.752786128748572,3.9230947983621635e-07
2013-01-27,0.05577598521976192,-0.0550069747422512,-0.05421796220798823,4.055107981937497,2.3775573040553545e-07
2013-02-03,0.06174650809004348,-0.06121235305919284,-0.059146169995126834,4.366497855513065,7.169284438422959e-07
2013-02-10,0.061206446348351366,-0.060562944567788546,-0.05993424982930834,4.37490777161729,4.656637744773773e-07
2013-02-17,0.05756975904036073,-0.056519420735824874,-0.05712341675285928,4.0720026809098355,3.173639521187501e-07
2013-02-24,0.05591424461457198,-0.054582989674334774,-0.057908203850542295,3.921981713219061,2.219343404844734e-07
2013-03-03,0.06153848702501015,-0.06048589271489713,-0.06233552571830685,4.586350053345919,4.611468109431588e-07
2013-03-10,0.05355776320854832,-0.05249965436003549,-0.05537521812244585,3.580472512452033,2.432190460354944e-07
2013-03-17,0.06079948549686283,-0.05990114024236646,-0.06122811803153935,4.227351602720321,1.8252558777386403e-07
2013-03-24,0.05997428139583478,-0.05917521215213955,-0.059247623811509394,4.407772573244711,2.319158655926927e-07
2013-03-31,0.0604521828881828,-0.05975106064575924,-0.05933907566861871,4.590617199121594,4.4313443279767137e-07
2013-04-07,0.05922744967055142,-0.05849522476905079,-0.05854368475846879,4.847347333282007,3.7790281191336806e-07
2013-04-14,0.05698936025099555,-0.056321991426479784,-0.057279570212576895,4.535922158336374,1.972616351134074e-07
2013-04-21,0.05665715489832234,-0.05613154849060979,-0.05428049307623306,4.738456103330276,2.032152799117013e-07
2013-04-28,0.058300728478488655,-0.05772200691544315,-0.05740018753035598,4.83271133576405,2.8331587045587215e-07
2013-05-05,0.05855015206336546,-0.058103302180415546,-0.05703662736047877,4.673238400384962,2.386641247577574e-07
2013-05-12,0.057692666436907396,-0.05734882959048274,-0.054632839467760784,4.424434590630938,2.597612561682853e-07
2013-05-19,0.05859092973949077,-0.05828453094688695,-0.05515687572504652,4.39686696840922,2.713057271826091e-07
2013-05-26,0.052727869195063726,-0.05233630925629184,-0.05151833818266453,3.732189668584448,2.111783281653238e-07
2013-06-02,0.047600531631082674,-0.04725881121303842,-0.045770101152218336,3.114971805566974,7.757038346314238e-08
2013-06-09,0.04392556301757589,-0.043496974352168455,-0.043602737608815494,2.7494836212067395,2.0701100536773334e-07
2013-06-16,0.046560659677732694,-0.046051628508434576,-0.046518207896002146,3.0002350901685935,1.402519182732477e-07
2013-06-23,0.042603137072131175,-0.04204974147995769,-0.04540291571655235,2.034137637549761,4.063796459068238e-07
2013-06-30,0.043545887694245375,-0.04297345985159742,-0.046583143668757515,2.089533268354432,8.915095497470534e-07
2013-07-07,0.04404143590938261,-0.04333647722111201,-0.0495780761890551,1.8046430124576982,8.299643772509737e-07
2013-07-14,0.04552965706297657,-0.04500503164791609,-0.049400036458846344,2.1106812593809665,4.896749822666427e-07
2013-07-21,0.04586967406799247,-0.045416923036961813,-0.04973043055198608,2.267281688730382,5.99655209406216e-07
2013-07-28,0.04658711772868734,-0.04598460821475467,-0.05239471644606125,2.164205636248947,8.973293278753834e-07
2013-08-04,0.04825789938988289,-0.04758815752942158,-0.05460081443024908,2.2071965741848523,9.224205422738371e-07
2013-08-11,0.045528844246978194,-0.04468391123418939,-0.05217458100390434,2.0896680538113404,5.234331760290332e-07
2013-08-18,0.047233319912252734,-0.04625022192416018,-0.05545553448614858,1.8594936042354393,9.78389983765363e-07
2013-08-25,0.04502562188686111,-0.04439554442312056,-0.051469773042575245,1.7538195168467794,8.055774267708093e-07
2013-09-01,0.0444953479999734,-0.043883780211885944,-0.051064116343171186,1.7571691022921234,6.247393099874007e-07
2013-09-08,0.045341916570704834,-0.04482465934100611,-0.051346761191970174,1.6592933454592087,3.0955252240867074e-07
2013-09-15,0.045451896697887545,-0.04513900756884716,-0.05074672225339308,1.7271456211134693,1.4323696137910417e-07
2013-09-22,0.04736839811965992,-0.04694765664854498,-0.05312212632132134,2.020092185600427,5.613185348691712e-07
2013-09-29,0.04651816203511488,-0.04604532696289199,-0.05207244442416363,2.101177661633879,2.627084309359792e-07
2013-10-06,0.045577857083292435,-0.04454970731454763,-0.054060489754823665,1.9591808771856276,3.697586363826316e-07
2013-10-13,0.04556703945791502,-0.04347171860839151,-0.05769821730585406,1.868355245111877,1.3386471900891524e-06
2013-10-20,0.04812541129937244,-0.04761067284515636,-0.051949208733385266,2.3005984413329035,6.895186969938823e-07
2013-10-27,0.04756918956076706,-0.047021170066983455,-0.05140823325315443,2.3574659872343946,5.004671222551187e-07
2013-11-03,0.048425122249842946,-0.0477320271427465,-0.054322666845971285,2.207978545309779,7.660448068341335e-07
2013-11-10,0.05110179157273628,-0.050185227152628915,-0.05828757054180688,2.216416644412477,1.055345631238186e-06
2013-11-17,0.051330324960613766,-0.050205294113655374,-0.05895548799982807,2.292590831967436,1.1494110604272106e-06
2013-11-24,0.05285028418380722,-0.0519476752484234,-0.05993450381448672,2.343604558077029,1.9099305046105903e-06
2013-12-01,0.05249481126564239,-0.05140499149043043,-0.06108697804203504,2.2885785695335876,1.944964292592736e-06
2013-12-08,0.0520281090681357,-0.05102220996398472,-0.06073012033751231,2.1144943974101382,1.945848628211411e-06
2013-12-15,0.05078781902851462,-0.04987101797416038,-0.058208759100415695,2.0628269100084027,1.6940185012159903e-06
2013-12-22,0.04776567213635874,-0.046764801054313965,-0.05627464183061007,1.821493441715826,2.049025421410331e-06
2013-12-29,0.04947764254620522,-0.04851928332182965,-0.058138258229877164,1.7980744373337771,2.033228800802969e-06
2014-01-05,0.04941212757240831,-0.0484425362007321,-0.057318831777816465,1.8229869967385386,1.692927460780684e-06
2014-01-12,0.04737106981269873,-0.04668217742332273,-0.05430259749846228,1.8470341838055564,8.690095675621155e-07
2014-01-19,0.04591907591185719,-0.04521876547927929,-0.052704688924609985,1.7936753692024614,7.896092614301637e-07
2014-01-26,0.04443948378272771,-0.04360352163641467,-0.05233299701212227,1.7671445533365975,5.707407985058387e-07
2014-02-02,0.044407653237012165,-0.043727035404376904,-0.05185382934250578,1.857060371870236,7.904426611230244e-07
2014-02-09,0.04600369152597823,-0.0445256857540818,-0.056612354185323295,1.8797421780350188,7.968805304884952e-07
2014-02-16,0.046255409610043596,-0.04564873843233081,-0.0534131796644283,1.9059095283408813,1.0837039854736e-06
2014-02-23,0.04500215703183469,-0.04412338747411719,-0.053181048385433194,1.8144778754731037,1.531519587330592e-06
2014-03-02,0.04392958156960531,-0.04297568066565867,-0.05205705548392371,1.821351536913304,1.1615377889440723e-06
2014-03-09,0.044417708680833265,-0.04326919237857284,-0.05322598860425335,1.6911832890859178,9.713201175835152e-07
2014-03-16,0.042316772927794497,-0.04132984188019968,-0.05026110642342757,1.7201851978079208,7.972898393336395e-07
2014-03-23,0.04088985128123758,-0.03984188580318987,-0.04879633077553898,1.4882815357209427,6.794632058763965e-07
2014-03-30,0.04008231672926383,-0.039232669508360726,-0.048087807574129796,1.434782511130163,7.533808151546986e-07
2014-04-06,0.04081591290599091,-0.040002539461503075,-0.04936307065936767,1.4755569655581586,6.497366031727692e-07
2014-04-13,0.04031896779427326,-0.03939227571485442,-0.04913481726203843,1.5694538992519116,5.633828089307149e-07
2014-04-20,0.04008743193025717,-0.039265935816646606,-0.04907262038765482,1.415221775187689,9.342422617194614e-07
2014-04-27,0.03931823084197877,-0.038592131663580116,-0.04784646418822509,1.4120960791148176,9.303015463471875e-07
2014-05-04,0.037936750256539135,-0.037267867717358426,-0.045972098211628704,1.4051501721619581,7.744428798477497e-07
2014-05-11,0.03899119346675899,-0.03826709405276949,-0.046858793255316514,1.48854344534244,5.262752460487376e-07
2014-05-18,0.037901551372010206,-0.03724595502045622,-0.04535269017186508,1.5225212505083758,5.935654752535122e-07
2014-05-25,0.03849853300605113,-0.03761651822353938,-0.046796518327807304,1.5378727560417136,4.397669792224056e-07
2014-06-01,0.03711150525599779,-0.03612956404826043,-0.045694058242616256,1.484776820126091,5.241337948524012e-07
2014-06-08,0.038387189632885024,-0.03755515614751126,-0.046579573873237266,1.44222330637196,9.218980872234654e-07
2014-06-15,0.03739040154103041,-0.036560924307111935,-0.045219712259675075,1.364475044867395,8.351397595760447e-07
2014-06-22,0.037478934298794904,-0.03690721361318357,-0.044765751876599105,1.3548143034237126,3.230799909374702e-07
2014-06-29,0.03680321393362157,-0.0360948762943194,-0.04400971128277054,1.4022120318233284,5.052595943142388e-07
2014-07-06,0.037552685703743885,-0.03705630174083817,-0.043857749791932576,1.3492253223645683,3.994437361423335e-07
2014-07-13,0.03613739638180115,-0.03554008006691532,-0.04221827986298463,1.3804810355696238,4.037830997847618e-07
2014-07-20,0.03447268848174824,-0.03371956450177508,-0.042267300876000634,1.2322558284474003,2.853149746006023e-07
2014-07-27,0.034078080049758076,-0.03330521581001999,-0.041305372011304575,1.2233891102435894,3.5272261786340807e-07
2014-08-03,0.035760275160705915,-0.03515444942268346,-0.04227519123210165,1.3348320657841457,5.501367052525419e-07
2014-08-10,0.034349477922163606,-0.033530593855171174,-0.042353469460972126,1.285934976540117,4.3597935988955164e-07
2014-08-17,0.03303396040247498,-0.03221407428406466,-0.04096408721483987,1.2953362743700478,4.214502452575058e-07
2014-08-24,0.03248203132041987,-0.031541356374210065,-0.040830992556487186,1.142981970342003,4.676515798410733e-07
2014-08-31,0.0321612362193963,-0.031335362848679306,-0.04041576136916662,1.1739075601186133,6.119131027973238e-07
2014-09-07,0.033621333525610766,-0.03284908382299263,-0.04148354127310322,1.1876309054727228,4.7591542774568474e-07
2014-09-14,0.035540156657757886,-0.034857897747555926,-0.043516822768080936,1.1627075019874868,5.531595319758367e-07
2014-09-21,0.03480098162654446,-0.03408273757790891,-0.04327954257466261,1.115823075203548,5.682020135477928e-07
2014-09-28,0.033905314221792576,-0.033260935594309114,-0.04221699252992469,1.0988860963983944,3.6813380604653635e-07
2014-10-05,0.03266487198020244,-0.03205619210949663,-0.040491735499534144,1.1000287003899654,3.255924681473057e-07
2014-10-12,0.03214651011154857,-0.031549990640579596,-0.03913915075548915,1.2555864722351768,3.0804370207770255e-07
2014-10-19,0.03199163045582809,-0.03135048343845641,-0.038200749785161914,1.3845396086494308,3.3737523801472567e-07
2014-10-26,0.032793322340135544,-0.032190281688614694,-0.039290155981888314,1.3493370254010348,6.628867668131587e-07
2014-11-02,0.032173373045011985,-0.03163300030037337,-0.03874299925288672,1.2022828238441834,4.2888052962734026e-07
2014-11-09,0.03150767044860683,-0.03070305027625102,-0.038324971170326204,1.1854112589087955,2.3921167573121535e-07
2014-11-16,0.031438934833197395,-0.030777540809038828,-0.03684880062984066,1.1953658136878016,2.1787156794506216e-07
2014-11-23,0.031256621493539305,-0.030564541243198247,-0.03744735726349393,1.1654283734406494,3.939241385433498e-07
2014-11-30,0.029967272910569782,-0.02929221233969218,-0.035400550936887855,1.2381619617619295,2.8453740451816715e-07
2014-12-07,0.029959210463432497,-0.029476691555960475,-0.03421978303514213,1.05559694861425,2.673781949893603e-07
2014-12-14,0.02757332382585276,-0.027179189546884207,-0.03024866918184678,1.1191981215785758,2.9452581660267643e-07
2014-12-21,0.027882472989112842,-0.027579320104942996,-0.028914406079009705,1.0426136259807184,4.1126333555191366e-07
2014-12-28,0.02836284371561234,-0.028112303721159103,-0.030842530875754632,0.9471839693025236,3.7555875754410427e-07
2015-01-04,0.027133766977314136,-0.02687577396642337,-0.028126558975433,1.0418066845531946,2.605801211606462e-07
2015-01-11,0.025534352362051996,-0.025337400627968788,-0.026246683933461877,1.105804826783022,4.1357990138936156e-08
2015-01-18,0.02457371186826162,-0.02428094545579022,-0.025655553305879795,1.2380490636683152,5.98684523202782e-08
2015-01-25,0.02351457147449476,-0.02317414175824644,-0.02583738286091547,1.0777384690387808,1.1459356341742215e-07
2015-02-01,0.02248295018926068,-0.022397335998421065,-0.021932175614562455,1.2564912615850115,1.3206820805165273e-07
2015-02-08,0.02444469949168682,-0.024364800137345658,-0.02496057082672278,0.9860178001771789,1.0182249281568008e-07
2015-02-15,0.025515046858292773,-0.02528853412629554,-0.02759569269920413,0.9788281400643482,1.1911322942658621e-07
2015-02-22,0.027113649366480343,-0.02678561979638617,-0.02984591980190107,0.992653972981621,1.4055499865172763e-07
2015-03-01,0.025449774242791788,-0.02515640156062,-0.02766065319591911,1.0023648736891286,1.367943817701486e-07
2015-03-08,0.028223778067142293,-0.028022048470690526,-0.030123878212875346,0.9767846111173502,1.4130332777012196e-07
2015-03-15,0.027206360219263342,-0.026834757221129726,-0.028543156247496537,1.0366429063637919,2.0594674445189383e-07
2015-03-22,0.025132362268112673,-0.025230012560590268,-0.022984344402763632,1.1809684092643795,1.9996717480172653e-07
2015-03-29,0.02597475660162142,-0.025833904303503716,-0.02322964842387571,1.2806442464596344,2.3871541900790516e-07
2015-04-05,0.025540887408545866,-0.02532443488174613,-0.023872672291013215,1.4184905726113315,1.6871957639808065e-07
2015-04-12,0.02603434782076158,-0.02603137017084112,-0.024195973518637393,1.258795954964861,9.117824129044355e-08
2015-04-19,0.025226359552347238,-0.025147894981347164,-0.02370587447547101,1.3225965940862943,1.8730328674609764e-07
2015-04-26,0.026517055510988787,-0.02638193746080129,-0.023763396662805535,1.4196077514557501,1.2929239182952716e-07
2015-05-03,0.028239691385452858,-0.028389710657506565,-0.026850517226665635,1.2558309908292418,1.9452539390536316e-07
2015-05-10,0.029209226223348206,-0.029237200746263455,-0.027849164201994316,1.3165554727769244,1.2638415788683591e-07
2015-05-17,0.029777623762026664,-0.029659568517706607,-0.028435093847873762,1.4120920384328786,2.5870527584750827e-07
2015-05-24,0.029330886591160947,-0.02926897764764108,-0.02897852884554761,1.2190813627559516,1.4705470988374832e-07
2015-05-31,0.02858224938255748,-0.028731574695368467,-0.02609520203241857,1.328229771695943,2.4971401603507726e-07
2015-06-07,0.031606617341929856,-0.031496959306412345,-0.031127096703462656,1.1694975058415242,2.5141472593413826e-07
2015-06-14,0.03137735834781983,-0.031367478113044016,-0.030247043718766964,1.17684609772382,3.062672232992888e-07
2015-06-21,0.030407582701782527,-0.030575758580371055,-0.02884873039660154,1.292345183304238,2.927712433008068e-07
2015-06-28,0.033798205451485694,-0.03401899916130668,-0.030711493375611215,1.344380308407644,3.9071189142840503e-07
2015-07-05,0.0333884405182874,-0.033460315676785424,-0.030535103064245353,1.4422152419914174,2.792093937118843e-07
2015-07-12,0.033280065247386234,-0.033362558524493005,-0.030758779092795636,1.3873473960320675,3.1857786325998804e-07
2015-07-19,0.031451181354232825,-0.03131370473522611,-0.029340614197289436,1.297294876993321,2.5306470849791005e-07
2015-07-26,0.030457132985464336,-0.030297137851134276,-0.0264595249561794,1.3301159181959827,3.7028477331429243e-07
2015-08-02,0.030172481480727743,-0.029919858665164497,-0.024172073555028564,1.4882267361176083,1.8751804092979687e-07
2015-08-09,0.02931561272039721,-0.029286535429042252,-0.018717622937648108,1.5393966670594912,5.284799126590866e-07
2015-08-16,0.02989957977013081,-0.0296412549060643,-0.01892615284981446,1.585202508793653,7.532206417260617e-07
2015-08-23,0.029081971942421094,-0.029206815265783465,-0.016487857521411898,1.8626927922807193,8.106618530910685e-07
2015-08-30,0.03133383448271158,-0.03137455497750475,-0.015551801273690722,2.004928717125617,8.666179167814247e-07
2015-09-06,0.030806024650703732,-0.031085438856853494,-0.013365226260451968,2.1561354822242484,8.729270032549971e-07
2015-09-13,0.032105780951473574,-0.03216464591000117,-0.014122755506187572,2.216446549792509,8.633790315357149e-07
2015-09-20,0.030577842951070626,-0.03127943555446044,-0.015062217857416557,2.024286099916295,5.396676695930292e-07
2015-09-27,0.030439993662108325,-0.031186650747774613,-0.017153609384928548,1.8221493730222413,8.042332563628658e-07
2015-10-04,0.02916650287454041,-0.029716248658017037,-0.018966198124978434,1.9367741299156904,3.9324860249806725e-07
2015-10-11,0.029677705648750562,-0.030177976312043,-0.020218261472078846,1.7088260895656826,5.503274859118259e-07
2015-10-18,0.027924943388657215,-0.028122244514910275,-0.022958846863636733,1.5010794835253667,5.309211425921414e-07
2015-10-25,0.028711773031753825,-0.028977960295246654,-0.02185118590881866,1.5367573489571704,5.107843871325533e-07
2015-11-01,0.029921416420749865,-0.029985893418485583,-0.015863504800703886,1.8185823228721805,5.659425669431295e-07
2015-11-08,0.03138045984169272,-0.03143284661473888,-0.011820888246737523,1.827377695019412,9.97894251533156e-07
2015-11-15,0.03118547456375532,-0.030983820146685166,-0.010119145982443026,2.016364502167713,8.479332445586417e-07
2015-11-22,0.029716131981066773,-0.029628242712845042,-0.010039421216743925,1.7692012484972799,5.192800608832874e-07
2015-11-29,0.029479671489287096,-0.02856238242762602,-0.010413816744669785,1.8612232376567934,8.634039170056053e-07
2015-12-06,0.031057120725337655,-0.029531275261495786,-0.006147693900884621,2.308990057180082,1.8958129402808158e-06
2015-12-13,0.029094776564912585,-0.02734266849536334,-0.00028754472827857377,2.9065456139027264,4.359386186808275e-06
2015-12-20,0.028336203792403855,-0.02712720079345506,-0.0001674228684385989,2.3659860470739233,2.0429473996924033e-06
2015-12-27,0.028786504959170487,-0.027659815419143908,-0.0006871080451587205,2.216402530846136,1.8147395640983339e-06
2016-01-03,0.028933344697460058,-0.02804343445558248,-0.00010546099418995993,2.200434352011988,2.6326308336113417e-06
2016-01-10,0.028311994807044463,-0.026803112006096454,-0.0003938817326873121,2.647346825696739,1.6126397471906151e-06
2016-01-17,0.028353428646122295,-0.02675783779916156,-0.008976330876489618,2.2909890992356092,4.032524494678205e-07
2016-01-24,0.02768602324989778,-0.025269703335752985,-0.015622275866933563,1.7323682273498138,8.735022689393592e-07
2016-01-31,0.029770052433301476,-0.027285973553051054,-0.012880512793710235,2.7011621037766327,1.0490778644541088e-06
2016-02-07,0.03135280361201418,-0.028799603716100502,-0.006439760896289624,4.14861155333494,1.3176096875750875e-06
2016-02-14,0.027633863541159508,-0.02514634234205504,-0.00766323740652983,3.3960354752091884,2.5691905065043697e-07
2016-02-21,0.027340685867147142,-0.024675772647491687,-0.004802563764563124,3.6089647585733973,9.061068818991242e-07
2016-02-28,0.026396928094873123,-0.023584211614861763,-0.0015171618641235283,3.825759586624633,1.5638318719957762e-06
2016-03-06,0.025376314041013745,-0.022964030787131922,-0.0005208922857414026,2.9112278537877665,1.9107393299507856e-06
2016-03-13,0.02559480230721669,-0.02301796873479963,-0.00010516063184344152,2.5904083324760268,1.2213090009840309e-06
2016-03-20,0.027350399947533525,-0.02482374207311509,-0.0013773614249164854,3.4776178471085575,1.0535068388522587e-06
2016-03-27,0.026139627548396126,-0.023775107196945103,-0.0005156353875203,3.0338134422633516,1.2199224680683936e-06
2016-04-03,0.026413448251703185,-0.024390020216282133,-0.0008587305427180311,3.655372077469921,2.8586950053592993e-06
2016-04-10,0.027397861658727353,-0.025477361950869592,-0.002452121030323452,4.095200560854134,1.3262749623446235e-06
2016-04-17,0.026721261049256276,-0.024894148621645056,-0.0019007763799467447,3.708741906001511,1.275328885647616e-06
2016-04-24,0.026171655247156506,-0.024512390337756436,-0.0010619848769494768,2.9643518082062297,7.566754799702468e-07
2016-05-01,0.02682718786360415,-0.025094084219174327,-0.0011964901966783222,3.4700494703858222,1.9992199203620745e-06
2016-05-08,0.027186282526734443,-0.02543938922071947,-0.0022367752855977,3.6429405198446627,1.4572687086326053e-06
2016-05-15,0.025153195872125184,-0.022828529824238636,-0.0024138625098312698,3.3942318172729546,5.34963757555365e-07
2016-05-22,0.02447779320268256,-0.021905368621586038,-0.0004961331304361373,2.7901845712844695,1.115026209616179e-06
2016-05-29,0.023965218812430866,-0.021561858795206893,-0.0002739034734314281,2.598183063787397,1.6514959337220964e-06
2016-06-05,0.02368116766842228,-0.0213906434138815,-0.00043988711909409697,3.2198206225103108,1.8924654264832226e-06
2016-06-12,0.023051488585197656,-0.020941346912469336,-0.0006126006226376163,3.297591224510982,2.065740237199446e-06
2016-06-19,0.0248150673342028,-0.022610582217076042,-0.003227433717431154,3.63504328380927,6.683891645052701e-07
2016-06-26,0.02578668561029914,-0.023392904524678237,-0.00824994715647352,3.5121838800199985,6.781999628073778e-07
2016-07-03,0.023623791611562972,-0.021140348422821784,-0.010221158461115787,3.0760818725081682,6.297510351498977e-07
2016-07-10,0.02200305569462737,-0.019472717752989286,-0.004373494733190886,3.9105834880785664,5.369075234266177e-07
2016-07-17,0.023743151641144693,-0.021057521981995266,-0.005325228038261088,3.0935859861713606,4.2603658186123415e-07
2016-07-24,0.023587215297290135,-0.02067691917575451,-0.005439882646763451,3.2039108256926982,7.585754402425157e-07
2016-07-31,0.021571764308274552,-0.01933623820616114,-0.0012393700920255402,3.662254996868853,1.3603433582682552e-06
2016-08-07,0.022937367637993512,-0.02045221343808855,-0.0010736594827058475,3.5021941505437404,1.7527767159559193e-06
2016-08-14,0.02173628732605711,-0.01909072291875842,-0.0020116904922457776,3.3136486865587353,1.2624663367986403e-06
2016-08-21,0.02182409727183879,-0.019193360337928598,-0.0011369229475646462,3.075370079315672,1.2175755642850027e-06
2016-08-28,0.021010091284149546,-0.018224883250054794,-0.0005318682867378606,2.6173874778899195,1.0456147186827221e-06
2016-09-04,0.02137403486361833,-0.01874509404276278,-0.0007282394179919388,2.814767985084155,1.1795887280128017e-06
2016-09-11,0.02348685363235854,-0.02063339231075242,-0.0010102624474137092,3.2731686697274287,2.0637321742459346e-06
2016-09-18,0.024088594269249662,-0.021538206111415263,-0.0005727958148488818,3.424523914306172,3.426949155730592e-06
2016-09-25,0.0200555840964911,-0.01881610667131905,-8.688447227883639e-05,2.2686748867244453,4.431597123847873e-06
2016-10-02,0.021612895350179982,-0.019224375235408604,-0.00024821999498321056,3.0843736161553967,2.5058728623429793e-06
2016-10-09,0.023134614331268646,-0.020436176883936435,-0.0005450814733420131,2.928753946289219,1.6446772810976669e-06
2016-10-16,0.024748314151250488,-0.022068238539666534,-0.000670129924019033,3.1887659173826814,1.7634161504094014e-06
2016-10-23,0.02333944633741397,-0.020573126867095084,-0.0002314884796034409,3.0753355975528907,1.9582621022238597e-06
2016-10-30,0.024799802634050405,-0.02248920053079772,-0.0002467594496979858,2.936048565247687,3.3216937887471722e-06
2016-11-06,0.02747910333486137,-0.024331032014515926,-0.00212254773460063,4.0586569524112175,2.379496182584951e-06
2016-11-13,0.03207877656332385,-0.02841304016217374,-0.006770481550382084,3.1642083671509975,2.4946111248838902e-06
2016-11-20,0.031374264036074885,-0.028283180388925428,-0.004086046602969464,2.45789571650399,1.7394306975496095e-06
2016-11-27,0.031130013796734576,-0.027575750693614832,-0.006100285128528806,2.2015393750710617,1.2243378410816474e-06
2016-12-04,0.03205929315377059,-0.028483608205311567,-0.008277588625040655,2.1672478670512985,1.1673891645015427e-06
2016-12-11,0.03308895894158112,-0.028914971534755748,-0.010847622862478942,2.08238159923144,9.314978868525661e-07
2016-12-18,0.03266462781744295,-0.028581687728039432,-0.013082889732838091,1.5517031510734576,4.397579274253187e-07
2016-12-25,0.03224364083055756,-0.028195396557926154,-0.013740140537325547,1.5580761758923256,4.974214804129005e-07
2017-01-01,0.031241018854614194,-0.027189113873553907,-0.011980302675550523,1.6851754577685198,2.919103179522258e-07
2017-01-08,0.029746224196373888,-0.02524632440159032,-0.015708342772891813,1.3377872506142494,3.2642053748422764e-07
2017-01-15,0.029248768080176346,-0.02452558543985774,-0.017686099176419914,1.2444368713778353,3.352656831000744e-07
2017-01-22,0.031074075311627303,-0.026874938540857648,-0.015934097677561383,1.43561775565831,2.0740853089883128e-07
2017-01-29,0.03144042496008561,-0.026985546981777984,-0.016212344462715036,1.4901220630431031,3.5096409634135385e-07
2017-02-05,0.03146303713679245,-0.0270714343339481,-0.015741202787101283,1.5184591613850789,2.905849670676263e-07
2017-02-12,0.029968234025432607,-0.02517818488443522,-0.016975731649468907,1.3689275686890472,2.955626860223705e-07
2017-02-19,0.030082780204117754,-0.025452563521711068,-0.01587515767112799,1.3941155823035307,2.9038050320382403e-07
2017-02-26,0.030261163320179005,-0.02618759918557991,-0.00898626403580847,2.005061866048707,8.109507950010252e-07
2017-03-05,0.031391965202947514,-0.025587048251409387,-0.009387897637765171,1.8005984206364853,1.1883299739249385e-06
2017-03-12,0.03230093476494683,-0.026069528305122148,-0.0108850283464316,1.703014883954967,1.3261657863053025e-06
2017-03-19,0.030804000582929855,-0.023991713487360903,-0.01560585821902834,1.4335589538715483,3.1288889173054177e-07
2017-03-26,0.03028427224208114,-0.023007677170915543,-0.015499762098990172,1.584541021029974,4.5175876269166585e-07
2017-04-02,0.030730845879949318,-0.02351028017302091,-0.013780800450155633,1.7563313282250197,8.152834604376467e-07
2017-04-09,0.030588522355812373,-0.02293588521043737,-0.011789526397902926,1.9191581436930787,7.547006497426284e-07
2017-04-16,0.030054523629471364,-0.022381531165613585,-0.011351393780695404,2.278203696698348,9.170436087881697e-07
2017-04-23,0.02976181361403262,-0.022398610497501272,-0.011499266009981846,2.168881548757744,9.558929485290096e-07
2017-04-30,0.030685019178850716,-0.023367968882098238,-0.0009328365528734144,3.3520726201432276,2.7171723647725933e-06
2017-05-07,0.03153731421314553,-0.023702023960804695,-0.003943952083030163,2.961962559600626,2.5080193735508063e-06
2017-05-14,0.031510595016373946,-0.02371572643480395,-0.0015932529191108962,3.4202543806625814,3.596290946205045e-06
2017-05-21,0.02991738950575951,-0.021834040720643617,-0.0026959573528314166,3.260617169338061,3.46791849108722e-06
2017-05-28,0.030509050889183847,-0.021993326153332125,-0.001919730516365579,3.5968466472142246,4.101818452993634e-06
2017-06-04,0.029976065692847727,-0.02100763649056446,-0.003799838698957803,3.7637929815196203,2.164636824761269e-06
2017-06-11,0.028810279070229254,-0.019686032525430747,-0.0009785568831752306,3.507961995085675,3.966863122453115e-06
2017-06-18,0.028746509838797254,-0.01931199153441191,-0.0019025113340268972,3.6780062226114367,2.8619800254991977e-06
2017-06-25,0.026346251847912103,-0.017660684761201778,-0.0003014238077048027,2.857765181230269,4.271305240223896e-06
2017-07-02,0.030479821935625998,-0.021192156281648396,-0.0019112995588462826,3.3481524533850395,3.212318871017198e-06
2017-07-09,0.030871227111936274,-0.021097772336330384,-0.011128437892337613,2.1470115791452975,1.139946798153053e-06
2017-07-16,0.03160317231451963,-0.021900838457848414,-0.009780475500826703,2.7186588844357096,1.1411944842941103e-06
2017-07-23,0.029464044141741384,-0.018884564611142553,-0.013210864024385281,2.231446789329,1.2698433960487855e-06
2017-07-30,0.03114568247759366,-0.020855973830303666,-0.01364960815749568,2.4124658511645642,6.634031691225048e-07
2017-08-06,0.03076295833888791,-0.020493348033455743,-0.01152063982421854,2.6020034016825684,6.714462256951618e-07
2017-08-13,0.031021691711612818,-0.020921574366052225,-0.011963458320700187,2.9378302214882095,1.1580780825721393e-06
2017-08-20,0.030331692149797182,-0.020462096410139942,-0.006984518798647264,3.308278650213503,1.1556170614838307e-06
2017-08-27,0.029059355418435923,-0.01913530547813529,-0.007670967842472452,2.8733709196499926,6.391943750919709e-07
2017-09-03,0.02988216458163905,-0.020113634844329844,-0.0046334647324768954,3.673641596151904,1.0571571451632356e-06
2017-09-10,0.030231091225762115,-0.02015778535854851,-0.008431412842245117,3.8151436770922325,1.730800393488333e-06
2017-09-17,0.028846568383120337,-0.018769649373785145,-0.002345910419401452,3.4626633651458336,1.5214701133018525e-06
2017-09-24,0.028247601727751377,-0.018357617035007805,-0.0006770053713180222,3.098433500800132,1.5167527169537608e-06
2017-10-01,0.029626132959790323,-0.019645224470671543,-0.0008338894727356995,3.239971390156696,1.5736263999920336e-06
2017-10-08,0.029564366357288766,-0.019279339807097017,-0.0006536217103079243,3.069303462796605,1.05786496477162e-06
2017-10-15,0.027092454029069655,-0.016790673894505215,-0.00022160316181648235,2.683591673059278,3.0969121696404445e-06
2017-10-22,0.027982380248575675,-0.01765137991414287,-0.0002346714606599848,2.3859708366781502,2.479547862182074e-06
2017-10-29,0.028678676264703315,-0.018387468997006655,-9.511267378980472e-05,2.54021216209857,2.770215564935499e-06
2017-11-05,0.02643222190817782,-0.015576592014935388,-6.635354874383528e-05,2.152827402922265,3.2097674078867073e-06
2017-11-12,0.027332397337575087,-0.015991689221797542,4.89494767787033e-07,2.2206912318152874,3.609103032619256e-06
2017-11-19,0.025324955465419116,-0.013689847875966114,1.0704746434600882e-05,1.6347047889208661,4.3106036848215534e-06
2017-11-26,0.02515884099640347,-0.013245189426196059,-1.3099249706421655e-05,1.5964015020708717,3.0760201305463344e-06
2017-12-03,0.025411101050862937,-0.01374048877187955,5.520382479340706e-05,1.4419312387678265,2.3952924941985054e-06
2017-12-10,0.025275795410218398,-0.013635974419342032,4.407782654773414e-05,1.3293502993139517,2.5129042749372506e-06
2017-12-17,0.02476338872880953,-0.012598821850396173,-1.1846387000017408e-05,1.1955727172307828,1.709586052056259e-06
2017-12-24,0.025990395399930484,-0.014166210931985732,2.0122802002396387e-05,1.1202691235498494,3.729131774469e-06
2017-12-31,0.025309140142306823,-0.012490788994108059,4.696437170615747e-05,1.2593832664242255,1.9985049064030338e-06
2018-01-07,0.02579505286252392,-0.01317492562308485,0.00015139034615967856,1.0721464316016627,2.1067035598498082e-06
2018-01-14,0.027190668183266337,-0.014116770471329535,9.687472376196671e-06,1.288716697588356,1.0692142027738835e-06
2018-01-21,0.028137016793614626,-0.015273781522280186,0.0001067495315209758,1.2092530628357965,1.3198500280057662e-06
2018-01-28,0.02794699354835461,-0.015640217361333385,2.830395370743666e-06,0.987821813743699,1.8235400018415104e-06
2018-02-04,0.03085455253721968,-0.017242071028123775,-3.325274322106979e-05,1.4382270237512793,5.395671141059479e-07
2018-02-11,0.030916680079703936,-0.016894214196380437,9.294892930456769e-07,1.6741357641565118,5.014396441116784e-06
2018-02-18,0.03031269489924843,-0.016056718667944732,2.1711797271874753e-05,1.1655471382545246,5.448048275628231e-06
2018-02-25,0.03003431836380398,-0.015587076974239774,1.7811031254084217e-05,1.098281366759828,4.976320342611635e-06
2018-03-04,0.03015237593044582,-0.015016119229612811,7.535425969684596e-05,1.204985623508413,2.5462314944217195e-06
2018-03-11,0.030933190061988258,-0.015288639948943862,2.127723121185414e-05,1.3690549719730813,1.4819022116084388e-06
2018-03-18,0.030376379914268184,-0.013425062845986342,-1.8355330428432388e-05,1.4394434695918819,7.644293955553113e-07
2018-03-25,0.03007269944017818,-0.013440351534448532,-8.24477093179761e-05,1.4537857610715093,6.087188755924187e-07
2018-04-01,0.02842530875243388,-0.012253640646578622,1.380055424505845e-05,1.0521938590417936,1.4089138359404847e-06
2018-04-08,0.02919847222401925,-0.012728301609087531,-5.583677557879868e-05,1.2771989536570185,6.148422707028538e-07
2018-04-15,0.029274232487187208,-0.013144424514957958,0.00011057678156255359,0.9359297975609295,8.709444613815032e-07
2018-04-22,0.030735401703265837,-0.014459255064820431,0.00013345334177138776,0.9086955933041708,1.018949826998399e-06
2018-04-29,0.030518799366797335,-0.014491583724728209,6.650070737719781e-05,0.8034784220893624,1.4975278050600043e-06
2018-05-06,0.030363026280238955,-0.013970483876894648,0.00010418270185250642,0.812952659690385,8.978497618497999e-07
2018-05-13,0.030670690816916823,-0.013924487014792724,-3.2100199669357316e-05,0.7719738631634975,1.2304073569494357e-06
2018-05-20,0.031646154538172024,-0.014819743663629089,4.2256720325647645e-06,0.8445974233456522,1.936638487110954e-06
2018-05-27,0.030047041993140206,-0.013035747569513333,5.937448209796572e-05,0.8328667283890163,1.7336475767189832e-06
2018-06-03,0.02958992302472113,-0.01226977278782623,8.234993768143962e-05,0.7914948231964821,1.4383031396024491e-06
2018-06-10,0.030047802817724158,-0.012418693568524137,8.749390784307057e-05,0.8421777323738536,1.1968330970179541e-06
2018-06-17,0.030170972232936154,-0.012592382084087651,7.895379759924067e-05,0.7797308083087731,3.1588617035633123e-07
2018-06-24,0.029682041404544505,-0.012054357098761334,6.750385570236432e-05,0.7294375004566055,3.410485673881943e-07
2018-07-01,0.028934489159435337,-0.011781366257761125,0.00020824723932703988,0.6168829097931423,5.47714368309065e-07
2018-07-08,0.028696251351274023,-0.010762735532602466,-6.55293690266024e-05,0.6299154617491348,1.772918050409921e-07
2018-07-15,0.028758833731808243,-0.010907748895145052,-0.0002507504729780106,0.5447836173812476,1.881213553273231e-07
2018-07-22,0.02929077963512428,-0.0114651492400956,0.00027502092622154256,0.5912707725559889,3.741305310270547e-07
2018-07-29,0.03014886726344965,-0.012072966182290801,6.586871111888807e-05,0.6095278840012794,2.6591083698726666e-07
2018-08-05,0.029925286370609948,-0.01168382204257063,4.286577651936657e-05,0.6073870266968378,5.658474612926358e-07
2018-08-12,0.028910070048799537,-0.010397914657912921,0.00016037490590628596,0.5481767011896165,3.9779667762161725e-07
2018-08-19,0.028900665041097232,-0.010199703776205108,7.833501490052951e-05,0.5473069928572847,4.483189416021155e-07
2018-08-26,0.028382170664298774,-0.00966822144601488,0.0010445702056608756,0.5104852857716677,2.3029750871487072e-07
2018-09-02,0.028640671048773332,-0.009817027158256227,0.00027317621556816296,0.47312077231839317,5.050534944333844e-07
2018-09-09,0.029542067253483496,-0.01056967563096572,0.0006982928169551172,0.4948326940583745,3.3211937864634676e-07
2018-09-16,0.030319728368377246,-0.011043474445730757,0.0010514980316638119,0.5390404007174299,1.3312950241245615e-07
2018-09-23,0.03106067019060711,-0.011392676660918578,-9.37771658970979e-05,0.5343587386646218,3.267833562957688e-07
2018-09-30,0.030808834257291872,-0.010136893686614001,-0.006955735871047925,0.3253786069448698,2.613164807798648e-07
2018-10-07,0.03295682895309044,-0.012257917728303118,-7.541700061759572e-05,0.7332501934584018,4.253219954701702e-07
2018-10-14,0.03170982794022313,-0.010916927293720034,4.28677408850361e-05,0.5941253456934273,5.687765993435308e-07
2018-10-21,0.03232425123547753,-0.01117763707259968,-9.414340213017429e-05,0.6087174927450385,5.407515735232753e-07
2018-10-28,0.03059704127646858,-0.009507935605489971,-3.2857480565828804e-05,0.518129966069732,1.4370988412775641e-06
2018-11-04,0.03224514472113847,-0.010840664704645118,-6.738791138143531e-07,0.6054134426143646,8.64149243642096e-07
2018-11-11,0.032061068104918176,-0.010619290483005604,7.695148668229638e-05,0.5288831879931676,4.356520580240497e-07
2018-11-18,0.03046284106701899,-0.008707918684393452,1.6713646738087757e-05,0.5165341036481794,1.4111198701458542e-06
2018-11-25,0.030190712403981728,-0.007854521553486456,0.00013802794320299199,0.5421301381973039,1.414563207334064e-06
2018-12-02,0.029738797709542297,-0.007454243947392601,0.0006784487855459219,0.5159815019722528,1.2478772891270012e-06
2018-12-09,0.02793564231412588,-0.005477224147499965,0.0014588384187303194,0.36209996309122877,1.2195869559487908e-06
2018-12-16,0.02829294894552159,-0.005317533040505773,0.0003956979540847509,0.38005322201945835,1.4253095406589912e-06
2018-12-23,0.027329466280649927,-0.00367326123359566,0.00025440171212502184,0.5325041036415584,1.9815343486654304e-06
2018-12-30,0.030298975641283362,-0.005889449350235467,-0.003149094895203178,4.488514312511985,1.8696533967528763e-06
2019-01-06,0.02556307003771716,-0.0020602927002645087,0.000790190882928444,0.2552243007234615,2.800730474673438e-06
2019-01-13,0.026057878850625375,-0.002246079266945488,0.00013745568904703712,0.35461089209111873,2.5372947204775493e-06
2019-01-20,0.027306587370526686,-0.0036101885289375243,4.994070698180689e-05,0.6324135416735004,1.7712760007538768e-06
2019-01-27,0.026751127009978334,-0.003583519015056664,0.000220889305840407,0.34744195654883975,1.968489951637126e-06
2019-02-03,0.02976558123440856,-0.005433199600177147,-0.003205872976550568,4.393784203739649,1.8531534607526318e-06
2019-02-10,0.03223479676026538,-0.007569560414920454,-0.010259510216811629,4.6177604147191085,1.5546094472562202e-06
2019-02-17,0.025769079870719754,-0.0016136640949032703,0.00013347698649774322,0.5362681124175771,1.9150317378430092e-06
2019-02-24,0.031734880180442654,-0.0069129387958703015,-0.008883604741866452,4.5961289613518375,1.414677922305139e-06
2019-03-03,0.03184373779655489,-0.007141774531969452,-0.0051005522983062,4.5927977008936764,1.075051455555107e-06
2019-03-10,0.033807828238146535,-0.008836140001064894,-0.013719561130841097,4.814383756419567,1.2845329721928805e-06
2019-03-17,0.0337842352669316,-0.008788587419489765,-0.014968973637583238,4.61567141653307,1.2836973258162859e-06
2019-03-24,0.0370986031826366,-0.011887322484710151,-0.026556357511051256,4.6068607956719205,7.444213409637364e-07
2019-03-31,0.03509994089971666,-0.010435835748782474,-0.0234022798910999,4.421033445297472,7.257560003492907e-07
2019-04-07,0.03374061243998926,-0.00904453778490955,-0.018063975916771703,4.338515426943777,6.898566565533922e-07
2019-04-14,0.032232214642288856,-0.007630534440064821,-0.013227665234610145,4.154270912856759,6.622027464825438e-07
2019-04-21,0.03316699676803258,-0.0085128981968991,-0.015018219531305133,4.149247797355363,4.487985471355922e-07
2019-04-28,0.037628757329235714,-0.012937586287651988,-0.025020946369362453,4.456066763139194,8.847914897602357e-07
2019-05-05,0.03666194671537089,-0.012000409901261791,-0.021751702198675095,4.5393140297197885,5.219190956807079e-07
2019-05-12,0.03335891612945243,-0.008630585809885669,-0.020594212809414193,3.586228430749459,6.395083188244106e-07
2019-05-19,0.0368258875549396,-0.012377613034797407,-0.027771955713373205,4.290300977225149,7.712273057099317e-07
2019-05-26,0.035797998406997766,-0.011593296036401085,-0.027486610405606713,4.31706581322599,1.1080758794829508e-06
2019-06-02,0.030045698349800122,-0.005608087176596626,-0.027274757653273154,2.970759293874869,1.6260033852597268e-06
2019-06-09,0.02472346595883583,-0.0009195073489072253,-0.020909883592084205,1.7989301021608155,3.9258251805931207e-07
2019-06-16,0.027497645638399303,-0.0045715048090711275,-0.024006014275768796,2.460417578999452,5.964961430467725e-07
2019-06-23,0.027224849644736288,-0.005141862379919511,-0.023917717607731936,2.3762665558559974,2.3337532258138146e-07
2019-06-30,0.02595244806161842,-0.0036661302919370285,-0.023422333752945026,2.3139789504772206,3.0302213506028327e-07
2019-07-07,0.024589487293572552,-0.0015631358266767188,-0.01912875629515555,2.119850470370923,1.7323311872616964e-07
2019-07-14,0.027225609903193962,-0.005080834510145706,-0.021849760517401732,2.3810539772127837,1.3551540596498768e-07
2019-07-21,0.027294281922206412,-0.0057126607876563495,-0.02237333841161806,2.651816651572294,4.671246049486761e-07
2019-07-28,0.029182926000132635,-0.007347868427546005,-0.023502316373654596,3.1462291032897536,2.884931591757908e-07
2019-08-04,0.02353046779936199,-0.0019173028962349008,-0.020444021075457244,2.3637591696196307,2.295965128614416e-07
2019-08-11,0.021324422249329476,-0.0002571574342414545,-0.018747332169575647,2.1672767352677704,2.0531211224504162e-07
2019-08-18,0.018120697116289455,0.0022804242126014756,-0.016586167696704936,1.8656192856833531,9.011767845154436e-07
2019-08-25,0.01804258434955456,0.0029480522797983195,-0.017798171623895062,1.9676717030611102,1.2789755213656737e-07
2019-09-01,0.017856640121075778,0.0034195344227756852,-0.018181982364367476,1.970977583993413,2.9784437731283396e-07
2019-09-08,0.018472428757021517,0.002331424990561717,-0.017412159556159712,2.0193403374886625,1.2893458596518064e-07
2019-09-15,0.0236334757222532,-0.0035915654208590344,-0.014246207230435104,2.942623363435586,8.432987223026642e-08
2019-09-22,0.01631443986600083,0.003621814188106568,0.00010353029612275709,0.5320323641494186,2.1966064788041158e-06
2019-09-29,0.022140687325913337,-0.0031523806912791023,-0.016422928685918978,3.13353689456914,5.238648034713504e-07
2019-10-06,0.02172800768039308,-0.0039617435056988615,-0.021274767102852206,2.9269653079882665,2.772951385835776e-07
2019-10-13,0.02343240321496494,-0.006045160857876476,-0.013785833864776567,3.5911350590542,4.49187803447104e-07
2019-10-20,0.02162797569056876,-0.004476804979662541,-0.012759300726219724,2.559071559493854,5.621938446855294e-07
2019-10-27,0.021372009745449318,-0.004235240004132366,-0.010282043805252722,2.546692954494242,5.256688350761868e-07
2019-11-03,0.023245646789111597,-0.007603858149717356,-0.010789283203650394,4.220136335846246,4.238440399779618e-07
2019-11-10,0.02319101237397816,-0.007684972726328591,-0.004127059660529002,3.7357715178377324,3.2296422414385584e-07
2019-11-17,0.02317732178001329,-0.007383200761555585,-0.008751752709208456,3.4595079645220017,3.025637880144134e-07
2019-11-24,0.02202139631922831,-0.0061485103409401895,-0.007398807208476281,3.9013135336392164,1.9293736827932533e-07
2019-12-01,0.022423373358405625,-0.006256760274439477,-0.008409312602149678,3.816221006140852,2.9954023760997204e-07
2019-12-08,0.02176442356195003,-0.006420891471850058,-0.004387240564759575,3.5861903845094436,2.135363556474958e-07
2019-12-15,0.021133075940167483,-0.005514990482163471,-0.005909991556228424,2.757282302085815,2.2690087789475482e-07
2019-12-22,0.02132197047343297,-0.005451305145945211,-0.007507342377691345,1.6904797704696437,4.691866189909003e-07
2019-12-29,0.0221642678043074,-0.006373763024665609,-0.009031323867373792,2.249124775732145,4.4425700826369796e-07
2020-01-05,0.025335496251633418,-0.009899806453235634,-0.012351312193120119,4.140972243573383,2.747835226764198e-07
2020-01-12,0.023349172584557924,-0.007925055383298145,-0.008952110398630727,3.4862636555164257,1.5456936330709175e-07
2020-01-19,0.025819253787641012,-0.010167894552336092,-0.012201127531114152,4.196365488611355,2.1466532405143026e-07
2020-01-26,0.024985901974436567,-0.009342377482838832,-0.015028822870585443,4.272887142173876,2.722984799488861e-07
2020-02-02,0.021428515078035153,-0.005363693395106468,-0.018663088078179155,2.963699402619032,3.076138931113615e-07
2020-02-09,0.021660713714627435,-0.005583492087306695,-0.015743313742019847,3.0660471534342357,2.8243302834586515e-07
2020-02-16,0.020363654344202953,-0.004101610885676415,-0.014082742676489384,2.6772238251305502,7.180367476098871e-08
2020-02-23,0.018436345718538277,-0.0021369664489298344,-0.014840003222652788,2.4021844683637026,1.0650379415396488e-07
2020-03-01,0.013025301387875346,0.0018275268746059071,-0.018858379685549476,1.1412523359842748,9.80052021353273e-07
2020-03-08,0.007308970094305387,0.0025236565281299673,-0.016825655943339967,0.3284159125051161,1.706851680525411e-06
2020-03-15,0.01260495751037765,-0.00959421816817302,-0.006797292185251778,1.886322921309033,7.217792525962768e-07
2020-03-22,0.015692846190007312,-0.015578280424461619,-0.004068718272941121,3.6128332782908084,1.9245349866328183e-06
2020-03-29,0.012655660785198423,-0.012685229730370938,-0.004461169427143767,3.554879319757712,5.62510473063094e-07
2020-04-05,0.010744203271371093,-0.009786433894352775,-0.0055972840799607074,3.25767996771164,1.5269928037088504e-07
2020-04-12,0.014270744577823393,-0.011720032917969548,-0.015254681834613046,2.7691886650364146,5.778627760621575e-07
2020-04-19,0.013322649431975166,-0.012064195718194436,-0.010961714929555142,3.335021303009175,2.1461680661523548e-07
2020-04-26,0.011549282064054495,-0.010456184965791187,-0.007151838284773497,3.5792420731796706,2.1864360478746194e-07
2020-05-03,0.012693411891367062,-0.01160783220874203,-0.00988052486076371,3.255480813840955,2.2862400950558727e-07
2020-05-10,0.017151074710047377,-0.015900794201632294,-0.016901153114785378,3.687980769331132,3.7540516258120693e-07
2020-05-17,0.015723224411310577,-0.014539656234846085,-0.015189541715321232,3.7262065980073165,5.00095517374051e-07
2020-05-24,0.016291726284604055,-0.015061793546162324,-0.014865978078004388,3.9007211766488012,4.79744688074261e-07
2020-05-31,0.016258129061171595,-0.014666495693372058,-0.017468925173959433,3.554091094356648,5.346512339180622e-07
2020-06-07,0.01980491905287134,-0.01827456011795275,-0.019099630449806105,3.201445624338418,3.354812033643885e-07
2020-06-14,0.018107629888899,-0.01643257147758711,-0.018736584193762035,3.741914025882056,4.1020621931454697e-07
2020-06-21,0.019980520853712883,-0.018443040359391948,-0.019602088369445474,4.343428852932978,3.5839456335223887e-07
2020-06-28,0.017799255901971064,-0.016268024325978153,-0.01831177749578386,4.077169552107857,4.454950723008058e-07
2020-07-05,0.02059481296805928,-0.019064089502782135,-0.022058544341504848,4.253397172514986,3.531267804500728e-07
2020-07-12,0.01831647519136848,-0.017001801543474786,-0.018395655976775293,4.165357309797909,3.7128651432285364e-07
2020-07-19,0.016755681812588862,-0.015523148146919224,-0.01756755989779459,3.7453105020399433,2.0193744950949098e-07
2020-07-26,0.017607755080915815,-0.016383580357478156,-0.017655802693878325,4.426409700960393,3.9693767778276734e-07
2020-08-02,0.017330444264864905,-0.016281721134987125,-0.01961521161848005,4.1381546911686575,2.97119986605532e-07
2020-08-09,0.018247032090516275,-0.017164154483446957,-0.019103886028857545,4.534744120128895,4.776935964861492e-07
2020-08-16,0.02245889728995815,-0.021360870138531142,-0.023207506123024496,4.459398431577255,3.1846241359091043e-07
2020-08-23,0.02003902143831869,-0.01902013481503677,-0.019837111261203723,4.6328185380354565,4.54536691009951e-07
2020-08-30,0.02569575412287373,-0.02461729675761968,-0.02739986206807634,4.693117866244058,3.3075246274197207e-07
2020-09-06,0.023127105752801504,-0.021996926332225754,-0.02402080288006268,4.527348732206796,2.0736447863778576e-07
2020-09-13,0.02131613600483725,-0.020086730649406345,-0.023521261904133388,4.313682869863596,2.2145286871148503e-07
2020-09-20,0.021393573848999887,-0.020266003409459207,-0.022768073946739166,4.261669155162548,2.4752548254822065e-07
2020-09-27,0.022135724015059557,-0.02108282822051791,-0.023722901304972135,4.574307718290124,2.447363284945345e-07
2020-10-04,0.02257086137991384,-0.021505030613662518,-0.024088638127129473,4.425992938478257,1.9495672606403315e-07
2020-10-11,0.025145038358581447,-0.024009879687376456,-0.025223828927511467,4.617938192975459,2.202070555033868e-07
2020-10-18,0.02225797869257646,-0.021116176509122057,-0.023710047709078433,4.061057395359673,1.918899204432032e-07
2020-10-25,0.024113004274701613,-0.023129201645771615,-0.023764717471400812,4.150765322240516,2.7326759516121813e-07
2020-11-01,0.022025216948611214,-0.020980508627302025,-0.023818323276338364,3.3967730468602286,4.117731003578939e-07
2020-11-08,0.02217905742518211,-0.02109038428273546,-0.022997293643037115,3.7827237874002395,1.388282698419528e-07
2020-11-15,0.02121977623549052,-0.020225353179525535,-0.02162712338027436,3.3747024871902735,1.2835734621176274e-07
2020-11-22,0.01957591068622399,-0.018663494925592352,-0.020044137666431504,3.3039388381565264,2.3812015555266806e-07
2020-11-29,0.022024950570233674,-0.02104752887121364,-0.022731733376520864,3.6827859495638817,1.9012886793492033e-07
2020-12-06,0.02574409097874056,-0.024849450324646156,-0.0266695404003583,3.6813864817077198,3.3359754279783494e-07
2020-12-13,0.023727604019137042,-0.02279803040858973,-0.02654837165746026,3.46435599097209,1.7314530452145463e-07
2020-12-20,0.02504990946565661,-0.024110206601133718,-0.027741745329302077,3.4845699477218393,1.950653508396873e-07
2020-12-27,0.025925032085217053,-0.024874032893272766,-0.0293688600446356,3.58110085557141,3.0172199721291975e-07
2021-01-03,0.026498258072658168,-0.025506629888060246,-0.02956935120289196,3.733641700710968,3.448387917257954e-07
2021-01-10,0.027035570392395597,-0.026084749627553288,-0.029886798815746605,3.1493004636810777,1.9254185018953253e-07
2021-01-17,0.028715514881166693,-0.02764684077374903,-0.03266113165591325,3.342388203274788,3.0093804186975273e-07
2021-01-24,0.030534597967926888,-0.02956085085695693,-0.03407844769498868,3.614258447879211,4.2953580841140523e-07
2021-01-31,0.028209898615953456,-0.02735664177008583,-0.032212550747340044,3.2480451605183203,4.4878484692181005e-07
2021-02-07,0.031107564112732366,-0.030638110438462304,-0.03488983519728029,3.352089720653098,3.9745130825071385e-07
2021-02-14,0.02898264856621353,-0.028429784806761758,-0.03281693561357014,3.0844546253440215,3.0266841970448083e-07
2021-02-21,0.02983809915947732,-0.029220391650265576,-0.034694413549659166,2.761685590485425,6.529684306548263e-07
2021-02-28,0.025873345360237315,-0.02512337604913669,-0.0317351914515635,2.021830044747137,8.992794886601633e-07
2021-03-07,0.028788108645944506,-0.02798385912319088,-0.03505054817420702,2.113518214302292,1.05874346101639e-06
2021-03-14,0.029786726100391413,-0.0290331321266739,-0.036265327602672204,2.060910170561646,1.3169763755156788e-06
2021-03-21,0.03166789390578222,-0.031171304793536983,-0.03838769449344489,2.0605761956849094,1.4566185790675125e-06
2021-03-28,0.030597508401653106,-0.029964366008527712,-0.037916910337847505,2.057272266506305,1.308851262576863e-06
2021-04-04,0.02884279171994469,-0.028208472296381883,-0.03569382817907109,1.7883763068555292,1.387989092210746e-06
2021-04-11,0.029730110405626387,-0.02919753430358176,-0.03615771746858123,1.9977933126747205,9.264726120944236e-07
2021-04-18,0.028096770720905207,-0.02754437989135892,-0.03401299666501752,1.9885530480411968,7.56562991542614e-07
2021-04-25,0.028147348664529635,-0.027634538718416517,-0.03366958746461053,2.0202650484778313,8.845354234390113e-07
2021-05-02,0.029168871695569278,-0.02867102807565996,-0.0355937450899505,1.9714565093133378,8.884339244312068e-07
2021-05-09,0.030895533950764748,-0.03040420397455897,-0.037020943977532486,2.259549110543998,1.0403064456718189e-06
2021-05-16,0.030037493359005452,-0.029618095136245724,-0.03563405439725999,2.128061683676201,9.721560986983966e-07
2021-05-23,0.029175032885649117,-0.028803020250292417,-0.03492382369201582,2.0339724743329635,7.23020751516109e-07
2021-05-30,0.02932331559355856,-0.02887084834294786,-0.03549748728019518,2.1253352101605674,9.47631696873634e-07
2021-06-06,0.028691587314459213,-0.028175666308227824,-0.034651621638822024,2.105547018989178,8.461791410182196e-07
2021-06-13,0.026591381238339484,-0.02609974054613602,-0.031563852085683915,2.081880114876822,6.680766352662889e-07
2021-06-20,0.0219959609933199,-0.021270571277649475,-0.0256496512357847,1.57127213340609,2.0516799108068645e-07
2021-06-27,0.023880533185564348,-0.023145806132455534,-0.02742643039714233,1.6538631127841685,3.0934830733683954e-07
2021-07-04,0.02219066858259793,-0.021472530773946577,-0.026158515238238287,1.62215052346353,1.2166472810903616e-07
2021-07-11,0.021791197113629222,-0.021052226096663944,-0.02529023066594645,1.740617816546436,1.332866086263481e-07
2021-07-18,0.019912067159374176,-0.01927811283893889,-0.022625794314939093,1.6224557768150647,6.075461300052973e-08
2021-07-25,0.021485094120626894,-0.020879825823008742,-0.02396044818794419,1.9107753137176096,1.0494870448423257e-07
2021-08-01,0.020433055134954716,-0.019727825229307834,-0.023799760897415145,1.849951024723689,1.4173485225345593e-07
2021-08-08,0.020643750826392807,-0.019981395193307962,-0.023321430988622004,1.738510488176247,1.6888301514108037e-07
2021-08-15,0.019365782394467297,-0.018686282598412457,-0.022560289679977117,1.5503880280977238,1.45399205484653e-07
2021-08-22,0.018332299936026218,-0.017612309909821704,-0.02237516791205127,1.4158347348267148,1.1775278542589487e-07
2021-08-29,0.020109327346056874,-0.01939173323579227,-0.023985219505014532,1.594833308455763,1.6777727425936397e-07
2021-09-05,0.020815672840501877,-0.02010504982926044,-0.02433480710807068,1.6819305071589716,1.646868171839329e-07
2021-09-12,0.020321482340178925,-0.01951809710452241,-0.024274119962841373,1.5464472634382558,9.026977970508844e-08
2021-09-19,0.01991036447560087,-0.019015789572339944,-0.025420919804513956,1.3627985854738136,1.8131677930222279e-07
2021-09-26,0.02071162856581728,-0.01994767959191583,-0.025641282940736143,1.289159208869695,1.374802553707041e-07
2021-10-03,0.021860690889536166,-0.021033956538041965,-0.02666588230448856,1.4484335152115964,2.485070297004212e-07
2021-10-10,0.02319653630699858,-0.022460828065695732,-0.027242217551221755,1.389707705392392,4.7349384212020266e-07
2021-10-17,0.021185920798373573,-0.020342569144505777,-0.02550132438190782,1.116529232313893,2.6028775541947593e-07
2021-10-24,0.021386946946480998,-0.020366918863381902,-0.02635820680780757,1.001950186446582,2.819036965691074e-07
2021-10-31,0.02000035772224791,-0.01903850048438906,-0.024436179870573733,0.968376472201224,3.64124449566307e-07
2021-11-07,0.019228644177984127,-0.018505570718715156,-0.022038491748905355,1.1281261756064629,1.2463653561412468e-07
2021-11-14,0.019749755041791776,-0.01890808668793688,-0.02407074157069582,0.8672591872336773,1.952111934844183e-07
2021-11-21,0.019027636646122364,-0.017768984401953552,-0.02535070849756023,0.7885340611216113,3.3375733973141483e-07
2021-11-28,0.01857927444622297,-0.017530470584847673,-0.02222908441784591,0.8795963881529084,5.137614660863539e-07
2021-12-05,0.016023730014105286,-0.015465331268637967,-0.017535250466792666,0.711747116162871,1.1984795066930985e-07
2021-12-12,0.017534330867550914,-0.01695262397281925,-0.018956674727584805,0.6963010154565595,3.7451986236172026e-07
2021-12-19,0.016534106759053157,-0.016144970778841826,-0.017074941716212974,0.696643476711486,2.1250173379501905e-07
2021-12-26,0.01769003265637875,-0.017369835430712542,-0.01565392880207976,0.7778797092075139,3.011031272240458e-07
2022-01-02,0.017963042583188062,-0.017877356302899654,-0.012797030518005053,0.8664250280920525,2.714996157122589e-07
2022-01-09,0.02074715885624507,-0.02056683442202231,-0.015745022897285344,0.79805030807072,3.994685708925075e-07
2022-01-16,0.02048824852987566,-0.02050698614551337,-0.012885986492382012,0.7434295231710516,5.949927685711716e-07
2022-01-23,0.020087799487877363,-0.02018595797352137,-0.007672417442345271,0.8437516540804935,4.973910901282183e-07
2022-01-30,0.019773730972982854,-0.02030563499413599,0.0006157102369632334,0.9312156174846563,2.792212065395477e-07
2022-02-06,0.02107337688133325,-0.0217032687594951,8.458321366486583e-06,0.7648119993667216,8.458158483351371e-07
2022-02-13,0.02048386986872164,-0.021512720324124022,0.00010419439249012617,0.5012717593350361,9.295179079335975e-07
2022-02-20,0.020509826558959075,-0.021464784742702456,-4.146732336199178e-05,0.5424244900480348,6.814458600856578e-07
2022-02-27,0.020904173958778513,-0.02236083126179631,7.610052480317006e-05,0.48018504289113395,4.3950534026486877e-07
2022-03-06,0.017439445546866814,-0.017709254602514043,0.014863900341295345,0.8987827126234174,9.104947440625519e-07
2022-03-13,0.01982739708015015,-0.019858426970707214,0.021101580900667837,1.0485157143269532,5.582993437177543e-07
2022-03-20,0.019809880363978814,-0.019885713633821012,0.03110794210146162,1.2489225590100927,1.6976391254904683e-06
2022-03-27,0.023951820220348353,-0.02453834747696603,0.03394253544337084,1.0631371709014623,6.829394217490911e-07
2022-04-03,0.02139123736411395,-0.022167494971537895,0.044192957695572084,1.1371843118454237,9.564638346671799e-07
2022-04-10,0.02671642842240792,-0.026499257977242827,0.033044035230316876,0.9919058125677769,1.6930974685362916e-06
2022-04-17,0.028957103729798945,-0.027338355466397988,0.021483234404963754,0.8576322013170569,7.618588156595151e-07
2022-04-24,0.028293035348575985,-0.026314573976804527,0.03376813690221998,1.0002354340734922,5.618198275308286e-07
2022-05-01,0.02891702765292982,-0.027382670509429687,0.029541967723058223,0.8409236536624761,1.1849118343769274e-06
2022-05-08,0.03183536115904292,-0.029461657363237633,0.023403066857111923,0.8653970256730686,5.806801221191274e-07
2022-05-15,0.029880074664563053,-0.025510385871130456,0.020473911555594502,0.8466920117588584,8.852051257460189e-07
2022-05-22,0.02803703555111247,-0.02382442806145164,0.02347155602824647,0.8111349892066411,5.470377485028279e-07
2022-05-29,0.028278671658614273,-0.02349343055448735,0.014047572738796251,0.6411440501021166,7.367679447256085e-07
2022-06-05,0.03030831172271385,-0.02363759441275352,0.018150515570785633,0.7918466360038068,7.41046444666946e-07
2022-06-12,0.031190311806701995,-0.02295093669491989,0.03001509042203225,0.888216936272902,1.4093087053643823e-06
2022-06-19,0.03297555656402829,-0.024413294089352368,0.025646638068537425,0.6145368567093528,1.9554216619658205e-06
2022-06-26,0.032053665374763396,-0.025139480646619052,0.01616525544355122,0.313764775479267,3.176185192131674e-06
2022-07-03,0.02878363891780999,-0.020947323056932258,0.021253802130110338,0.3325757286005549,4.6561768199286914e-06
2022-07-10,0.031198895743831164,-0.0193524517657945,0.020334083936436084,0.3954191173488196,3.0545930141792417e-06
2022-07-17,0.029335500416905486,-0.01309298999650574,0.024959237004988834,0.41436753467468873,2.1064276874841374e-06
2022-07-24,0.027594739847396754,-0.009989059379317699,0.023090154025871515,0.360169903019681,2.2503927749904483e-06
2022-07-31,0.025793028545079328,-0.006871585523785679,0.02348039790917755,0.44718583780923515,3.2596389764441058e-06
2022-08-07,0.027271521652036813,-0.008582600004246906,0.03284897068760397,0.5079846992658369,1.580746424257066e-06
2022-08-14,0.02753965795024197,-0.008217177500844908,0.031240332016576694,0.48701464845195014,1.6939522252432317e-06
2022-08-21,0.029885556132392105,-0.010921057782074325,0.025954650272380225,0.36734254069205996,2.6577492750647753e-06
2022-08-28,0.03039566314956676,-0.009391901232025818,0.02681694378172853,0.41633445834194766,3.2600455043948038e-06
2022-09-04,0.03205014250728304,-0.010458719375628416,0.02345089988222335,0.36281269346133355,1.2686549202479945e-06
2022-09-11,0.033264198587697726,-0.011514061758717926,0.027553365866027975,0.360980217317373,1.5430974056477599e-06
2022-09-18,0.033941301415852526,-0.011268766239227217,0.03590593018439615,0.42920358065401876,1.585660523480162e-06
2022-09-25,0.036110050390979385,-0.012517647195004665,0.04039993672513458,0.5576152011359253,3.969948479563252e-06
2022-10-02,0.03831293236103937,-0.013182332803725327,0.03179967753040374,0.49625982898994275,6.960181073895641e-06
2022-10-09,0.0385527256343779,-0.011327091258363921,0.03342502458908175,0.5255869858675114,5.3830004936336916e-06
2022-10-16,0.039490585996554195,-0.00957081520252306,0.035363172457614875,0.5057127839459574,3.1373654701525076e-06
2022-10-23,0.04198707120215407,-0.010550939395764371,0.02851954959820567,0.3611121233563195,2.7119586492752534e-06
2022-10-30,0.03966380657526382,-0.005196028670698288,0.028974575352373688,0.42044363114454875,1.5984859831550256e-06
2022-11-06,0.040510535264352866,-0.0058162771984847355,0.03359320759918644,0.5146615875547724,8.409305825264701e-07
2022-11-13,0.03703007012675749,-0.003378145264662938,0.03634083999123909,0.3955873528535396,7.788464701800655e-07
2022-11-20,0.036268176699772316,0.000914581410719594,0.03635467836576308,0.5239247348190882,6.580842804279246e-07
2022-11-27,0.03439490997338613,0.005109276956412677,0.03530061658384321,0.5628640515026021,5.699080750655793e-07
2022-12-04,0.03292826098219257,0.0032323322944446445,0.043051060704951044,0.45118478894443853,8.584417036316009e-07
2022-12-11,0.033836454233250754,0.0002714378032737048,0.04673858982516376,0.422382592455237,5.441284917169821e-07
2022-12-18,0.03287960130773343,0.002940080965471156,0.04243584928051928,0.40655974845005477,1.0281759908123462e-06
2022-12-25,0.03617960088728614,-0.0023956369151213,0.04155105464246081,0.35073558505153596,1.082820578588575e-06
2023-01-01,0.037439908820607215,0.0008586321320752543,0.03392494328870093,0.39737714051415346,1.7676651396173378e-06
2023-01-08,0.033551085238667885,0.007251869229367687,0.03706152944886696,0.4133051066938643,3.646539018301413e-07
2023-01-15,0.032347413784819666,0.011599395051938634,0.030405673472960963,0.4990219448858655,1.47390775744464e-06
2023-01-22,0.032192820059491416,0.012821191069961664,0.02866916267410202,0.47832534871417703,2.5574340815794533e-06
2023-01-29,0.03289772489376688,0.011403587700619016,0.02995828600463846,0.46293041253510303,9.880259485271702e-07
2023-02-05,0.03271231533715924,0.011604166576625262,0.03162439448818013,0.5154343028291579,1.422745209780252e-06
2023-02-12,0.03524042336092505,0.010034653962829852,0.029090979806801396,0.5471433268961964,6.67695911329816e-07
2023-02-19,0.03606241481961683,0.008811283147769989,0.0325010549494505,0.5365694181576955,4.766219017797467e-07
2023-02-26,0.03725883740642885,0.008213185819222214,0.03186165437695924,0.6040269224604126,7.084714014620542e-07
2023-03-05,0.037404402250540966,0.008588162811909992,0.03176998316986969,0.6530983476510502,2.370396971054785e-06
2023-03-12,0.035013421594980554,0.011776546094301711,0.03261616768316998,0.5286830529303697,1.991310091312327e-06
2023-03-19,0.03263915423142651,0.0060570824189409445,0.038080841071203395,0.25706555850064416,3.4492087435793566e-06
2023-03-26,0.03210360866442366,0.004906986552050852,0.04463742110932071,0.23831029087300493,1.5144737234436637e-06
2023-04-02,0.03298441675098338,0.01189626502767297,0.03366347500559797,0.3526414001517378,1.1325973449138692e-06
2023-04-09,0.03220349303799183,0.009366123337093543,0.045241993227078524,0.277757081558051,1.2006088038928585e-06
2023-04-16,0.03370508158171665,0.0017094949404567008,0.05920217647606922,0.22641601013513954,6.3281084002992224e-06
2023-04-23,0.035464542799936036,-0.02829700594920107,0.09962514650131883,0.13796011188406815,2.2780923362614727e-05
2023-04-30,0.032621464254861496,0.0045511882842569455,0.05923662286315037,0.2398724638790572,1.1257539829955542e-05
2023-05-07,0.031391546072708734,0.023358557818133084,0.022055458411299272,0.38589318886038454,1.1020851655540781e-05
2023-05-14,0.031590002391002174,0.023363420724156446,0.017785424323755405,0.44584224257128585,4.476267269695824e-05
2023-05-21,0.034371467604585704,0.01973936354461424,0.025136272181179278,0.41783378215531003,1.2353829789860884e-05
2023-05-28,0.03502670314218021,0.02286602344597795,0.012427439652335897,0.6825220286325235,2.347036094652609e-05
2023-06-04,0.03438325289403667,0.016003566619172852,0.04116012605260076,0.38506791211485214,8.582323877786241e-07
2023-06-11,0.0350252320351867,0.015874012402595485,0.03464048794959887,0.44732286765568746,4.986271035490014e-07
2023-06-18,0.034978609265800306,0.015481045084476041,0.03448131038977272,0.5162750499321602,4.3186249504558663e-07
2023-06-25,0.03492367149586079,0.015296535904469473,0.037477257209206714,0.48439684400339156,4.402252868842502e-07
2023-07-02,0.03524958120148267,0.01601845827668285,0.03695286379691153,0.5659470697438833,4.919373536617324e-07
2023-07-09,0.03854221525401669,0.013733638632734722,0.03086552457411036,0.5402694770700591,5.807140393393285e-07
2023-07-16,0.035654556546974886,0.016751892069485234,0.03468983237714156,0.4834922262771489,6.041858888823466e-07
2023-07-23,0.03560112493174464,0.017936276347437167,0.03144632417275511,0.5567277889102493,4.532064126904664e-07
2023-07-30,0.036960637820121114,0.016945049959914974,0.029190795670272184,0.5548583085515483,3.1880532893685473e-07
2023-08-06,0.037860226081114605,0.016529281788151322,0.025679184000861905,0.502420800747912,1.4966222949027482e-06
2023-08-13,0.03941660325555256,0.015045371379788852,0.023750908132705716,0.5195990331401488,8.920894221405534e-07
2023-08-20,0.04056880597319086,0.013954528483712597,0.02208375474681064,0.5056127041588309,5.447379280045654e-07
2023-08-27,0.04033343605650475,0.014309469514626482,0.024571316764971034,0.5561003200055057,5.429226442806646e-07
2023-09-03,0.03962306969416105,0.01481291926728261,0.023635473834457632,0.5008647446560498,1.294990759436005e-06
2023-09-10,0.04032821487124176,0.014303584951929309,0.022771477211793352,0.5517381843936519,1.1617750006796355e-06
2023-09-17,0.0411088018403439,0.013475365557198849,0.02203521560358751,0.547260311639875,1.1661194983506e-06
2023-09-24,0.04243569352282008,0.012284584469217059,0.020555454555987604,0.5538709565912404,9.895037427120384e-07
2023-10-01,0.044003529721617154,0.010783245771077301,0.018931847473733054,0.44760697634126617,1.9688933057769495e-06
2023-10-08,0.04631520711085435,0.008551046959887626,0.01755754385764039,0.34490500219199105,1.4670543791653043e-06
2023-10-15,0.044724294486730425,0.010396526484408202,0.0180957965809886,0.40081355507408817,1.1056190506924108e-06
2023-10-22,0.047982446997618264,0.006494729732889654,0.01476116365664315,0.28817914986060256,2.2803088479044106e-06
2023-10-29,0.04684974004655675,0.0076242223329936855,0.016652324982033423,0.29027549591014207,2.9199851744499018e-06
2023-11-05,0.043799476862329705,0.010802080108274001,0.017535589271880793,0.3392269018986865,3.339083203983057e-06
2023-11-12,0.044666432840518314,0.010333297595085503,0.013752533558177012,0.49165868562833687,1.625084876446309e-06
2023-11-19,0.042693927096213516,0.012511331427677169,0.013383561129156153,0.4800406916491996,1.5128334441834088e-06
2023-11-26,0.04307605438247701,0.012237776882751288,0.01490153292230133,0.45148600917205844,1.133865803071019e-06
2023-12-03,0.0401644552715584,0.014957570507365705,0.018060237771630648,0.33795227048847853,3.5154349628933036e-06
2023-12-10,0.04054323332892623,0.014501442176391382,0.017577395009756455,0.40939301962707086,1.6624909530758464e-06
2023-12-17,0.037018926131125805,0.01797021198363054,0.02252398776753838,0.3580423326563018,1.971771404035171e-06
2023-12-24,0.03706986295020123,0.01737315862730171,0.0253086445034529,0.28174178403092803,2.285430429614789e-06
2023-12-31,0.03679802480173092,0.019078275764168873,0.021355738560675814,0.28875574314680813,3.032800781768735e-06
2024-01-07,0.03878834661744392,0.016092984711165905,0.020745092101434725,0.2779314217876679,1.345062828864057e-06
2024-01-14,0.043404042186280314,0.013979293250745718,-0.035704954315150014,1.7008206364222405,1.8072794519454454e-06
2024-01-21,0.039687032345265945,0.01515184090548247,0.019763626604585992,0.2512550967443568,2.420636203397009e-06
2024-01-28,0.03954745978812829,0.014958991044663621,0.021268715456284587,0.22713580101617176,3.219358429133363e-06
2024-02-04,0.03861190155074829,0.015466511171176627,0.023454506925053256,0.2529159717979836,1.5007084240138252e-06
2024-02-11,0.04021841962287541,0.013763860492046351,0.021992470307195713,0.24458739939171448,1.3475341245129976e-06
2024-02-18,0.04167569504168223,0.012592116426715124,0.018583285426706255,0.28575434654518717,9.007630750382542e-07
2024-02-25,0.041286378653291114,0.013338060185956718,0.017736250522963695,0.32544556107172207,6.752134875245252e-07
2024-03-03,0.04032971653034955,0.014983223266393376,0.01588425022142524,0.3247498129588926,1.2099730102135078e-06
2024-03-10,0.03905779070461269,0.015362524768951452,0.021231268990909092,0.31071896932897164,1.467809984647446e-06
2024-03-17,0.041672264889293244,0.0132802721191405,0.01553624345412847,0.3728872919226489,7.340835804237677e-07
2024-03-24,0.04055015804351952,0.014046906027515457,0.018297044148051837,0.32309972888524313,1.223759649610048e-06
2024-03-31,0.040333586615161114,0.013878504792224711,0.02009648062835691,0.3362698745233324,8.067471987112996e-07
2024-04-07,0.042525221949194426,0.011989194276692044,0.015380121418163506,0.33647718823145545,7.586688921582856e-07
2024-04-14,0.043838128568608345,0.011170024483189697,0.011111126241953906,0.4356285591415401,3.599156146182002e-07
2024-04-21,0.04518201120739616,0.009949748643716954,0.009367370239358807,0.4554447124788768,3.9759745350212255e-07
2024-04-28,0.04564756142036678,0.009118039016544413,0.011127055691774025,0.39288106741838935,3.572969093041608e-07
2024-05-05,0.043599875320469786,0.010778549822024691,0.016277647369279467,0.3244494459594659,1.0824353345261469e-06
2024-05-12,0.04364296397417079,0.010738313219779212,0.016267134700319028,0.35941931908234787,8.754151645431582e-07
2024-05-19,0.04273168251080925,0.011665269918938532,0.016806838615837805,0.3747976570573565,8.66432454036678e-07
2024-05-26,0.04308704288626925,0.012408466655823095,0.012399115318178718,0.5094404150344807,6.29227111942892e-07
2024-06-02,0.04368981477586915,0.01070265761823469,0.015015332690114515,0.39537794275175975,5.891216068804999e-07
2024-06-09,0.04285744752402429,0.011472350604559816,0.016642499083492406,0.40024043860857217,6.880405291121031e-07
2024-06-16,0.04023423311110886,0.013903642811362221,0.020507658440428827,0.363226823771897,8.891643585541153e-07
2024-06-23,0.04076771585316675,0.012699892834733498,0.021480546910805837,0.35290240577623794,9.082534610138707e-07
2024-06-30,0.04191903829608702,0.012322708983955573,0.017620839761947452,0.3422198742342165,1.0790436317693473e-06
2024-07-07,0.0410281304914857,0.012998961224139526,0.021005022458921618,0.2804288464926384,1.535274242033761e-06
2024-07-14,0.039955263801111515,0.01395994325653127,0.02203744700591624,0.24630343423868192,2.3530491599228232e-06
2024-07-21,0.040678164806711714,0.013471465510831792,0.020417994713450544,0.24153444744683514,2.134854251650091e-06
2024-07-28,0.03991331954957059,0.014379422697970603,0.020660553976540093,0.2247926981010718,3.3435341220155305e-06
2024-08-04,0.039592894699915906,0.01770867313028796,-0.03295341627113123,1.2204920819499008,7.235757995299207e-07
2024-08-11,0.04176450471155083,0.015110830449674694,-0.03223314736059388,1.414397920800565,3.9355173832252413e-07
2024-08-18,0.040672191727046246,0.016118525618631203,-0.029710541698485884,1.3814606356492476,5.565601347823768e-07
2024-08-25,0.04006432925994437,0.01656019147830394,-0.03263987302522104,1.308517139573111,4.2658872179268877e-07
2024-09-01,0.04192836819813773,0.013916284743662166,-0.03455042562623365,1.410782463217442,6.448315171178457e-07
2024-09-08,0.03980290475797492,0.015778134118299092,-0.03739804957590516,1.2497867345302378,2.9257769327779063e-06
2024-09-15,0.03986121309643401,0.014355227245606384,-0.03939826964129857,1.3164125672940608,2.957208031857811e-06
2024-09-22,0.04090206303088115,0.010136094355695817,-0.036431536586732864,1.384474500836792,2.4000713091006878e-06
2024-09-29,0.03998791231411477,0.011018266413081127,-0.03335929981893959,1.2101947185349158,1.445899600440213e-06
2024-10-06,0.040439797781319994,0.010539257356072983,-0.02052534399520792,1.017293901883161,1.225164985577129e-06
2024-10-13,0.04224230923485201,0.00823766679335773,-0.0235622161217333,1.113783237196801,8.503089781453738e-07
2024-10-20,0.042577074342156476,0.007545176081426477,-0.02388873449119704,1.2114783281926558,5.194047597124564e-07
2024-10-27,0.044093595013186576,0.005500280276078759,-0.020055149291598323,1.21944045303467,3.8876732241108926e-07
2024-11-03,0.04427290160461361,0.0042407564681032,-0.01446813477658588,0.8358017079853649,9.133834256692954e-07
2024-11-10,0.04320555649144687,0.004636951978051505,-0.010013714230060103,0.8480033313782831,1.0153331965210328e-06
2024-11-17,0.04459799082152967,0.003096768429652046,-0.010765821908037694,0.8109279381470389,6.984025391015615e-07
2024-11-24,0.04360089441136171,0.004468196277847006,-0.005278123228770569,0.45716369010047453,1.0461022691217973e-06
2024-12-01,0.041912680947742524,0.006117396332194002,-0.01131727942733889,0.9553720201300627,1.047100271471612e-06
2024-12-08,0.04228161921213588,0.0036119112846199524,-0.011318444308598378,1.2312939608204583,4.6269051405310725e-07
2024-12-15,0.045751374300579,-0.001357890103438132,-0.010119141318143685,1.5953270752393176,5.333330703901747e-07
2024-12-22,0.04596053400889492,-0.001439927832511656,-0.008999994725659809,0.9416890573621369,4.933663946631686e-07
2024-12-29,0.04706009772359688,-0.0020991218722027634,-0.012667307371703409,0.7690388409591834,7.895453516884979e-07
2025-01-05,0.046937312690344346,-0.002226154872211951,-0.013072427885847138,0.8042016819246132,5.686599902419974e-07
2025-01-12,0.04888806689538031,-0.004337183612099255,-0.013323552088943185,0.7647546290449154,4.4736340242855564e-07
2025-01-19,0.0473977455338062,-0.0029588024374037434,-0.012430338915296369,0.9692481123544241,3.248769809519892e-07
2025-01-26,0.047385110663907076,-0.002489645298722964,-0.014367413980556094,0.8155456770331145,5.127064722493182e-07
2025-02-02,0.04788169420584724,-0.0037875262952003197,-0.013422656284498638,1.2869632179152684,4.299630151324151e-07
2025-02-09,0.04624546028869532,-0.002264898736615649,-0.008100840459670081,1.4019058334277876,4.0788949095750906e-07
2025-02-16,0.046370079198265794,-0.0023398987129540846,-0.009359931963296392,1.4394603487013902,2.3545778503583747e-07
2025-02-23,0.04595454240924515,-0.0018128115860926003,-0.01150874460842272,1.342854791843931,6.33482341038655e-07
2025-03-02,0.045375783116324814,-0.0009492489254320465,-0.017478894328342733,1.6430031516583385,2.8364222328173696e-07
2025-03-09,0.04646876541122911,-0.0020817566574353437,-0.01874496135847037,1.5769796695951785,8.000068414758791e-07
2025-03-16,0.04691162551299401,-0.0027093829330068473,-0.018592878468113465,1.8035646799448017,4.6463738792752533e-07
2025-03-23,0.04688861844754108,-0.002612781044158105,-0.02158068496219327,1.8444345403284543,4.879797847589367e-07
2025-03-30,0.047757587256700394,-0.0032584730314077675,-0.024392540876648095,1.876881641905904,4.534356984729768e-07
2025-04-06,0.044395993631234455,0.00028668403252430963,-0.02735211119586894,1.6398763955782616,5.57552195135581e-07
2025-04-13,0.04956856060724367,-0.004664312449782171,-0.029788327274043118,1.6228868859285006,1.0304822702592672e-06
